PROJECT_NUMBER,PROJECT_EN,DEVELOPER_NUMBER,DEVELOPER_EN,START_DATE,END_DATE,ADOPTION_DATE,PRJ_TYPE_EN,PROJECT_VALUE,ESCROW_ACCOUNT_NUMBER,PROJECT_STATUS,PERCENT_COMPLETED,INSPECTION_DATE,COMPLETION_DATE,DESCRIPTION_EN,AREA_EN,ZONE_EN,CNT_LAND,CNT_BUILDING,CNT_VILLA,CNT_UNIT,MASTER_PROJECT_EN
"3189","Verdes by Haven 2","1658","AURORA SPV 1 L.L.C","2026-01-01 00:00:00","2028-06-30 00:00:00","2024-09-10 15:28:19","Normal","65143300","4031225788862016","ACTIVE","15.25","2026-07-08 10:58:05","","the project contain
Building number 7 - G +4 + R, with total number of 59 residential units

Residential units 59
Commercial units 0","Wadi Al Safa 5","Dubai Development Authority (DDA)","0","0","0","59",""
"3273","Sea Mirror Residences","1371","LAMAR DEVELOPMENT L.L.C","2026-03-16 00:00:00","2027-12-05 00:00:00","","Normal","320000000","","PENDING","6.86","2026-07-22 12:18:17","","3B+G+M+6+Roof (2 Towers)","Jumeirah Second","","0","0","0","19",""
"3403","INTERSTELLAR TOWER","1742","BOUJEE REAL ESTATE DEVELOPMENT L.L.C","2026-02-28 00:00:00","2028-09-30 00:00:00","2025-12-22 15:16:56","Normal","82000000","01434279264","ACTIVE","0.02","2026-07-01 12:11:00","","G+5P+24+R RESIDENTIAL, COMMERCIAL AND RETAIL BUILDING","Al Barsha South Fifth","Trakhees","0","0","0","341",""
"3420","Mayfair Nexus by Seven Mayfair","1925","SEVEN MAYFAIR REAL ESTATE DEVELOPMENT L.L.C","2026-01-01 00:00:00","2028-12-31 00:00:00","2025-09-10 16:23:15","Normal","241033665","13713344920002","ACTIVE","0.64","2026-03-12 16:25:13","","Project consists of 9 connected buildings; each building consists of a Basement + Retail on Ground Floor + 4 Residential Floors + Roof.The project designed to have a concrete structure and block with internal and external finishes.","Wadi Al Safa 7","Dubai Development Authority (DDA)","0","0","0","473",""
"3441","One By Preston","2004","PRESTON PROPERTIES L.L.C","2026-06-15 00:00:00","2027-12-31 00:00:00","2026-06-24 12:47:28","Normal","20000000","012181286324","ACTIVE","0","2024-11-28 19:37:47","","Residential Building (G+4+Roof)
","Madinat Al Mataar","","0","0","0","56",""
"3575","KYOMI RESIDENCE","1455","ANAX DEVELOPMENTS L.L.C","2026-07-31 00:00:00","2028-01-01 00:00:00","2026-06-29 16:13:07","Normal","45000000","200961295","ACTIVE","0","2025-12-17 17:58:53","","Residential Building (G+1P+6)","Warsan Fourth","Trakhees","0","0","0","121",""
"3592","Symphony by Chaimaa","1166","DEVAL REAL ESTATE DEVELOPMENT L.L.C","2026-02-01 00:00:00","2027-08-31 00:00:00","2026-02-17 11:52:25","Normal","40742100","10489852820012","ACTIVE","0","2026-08-11 12:01:01","","PROPOSED RESIDENTIAL WITH RETAILB2 LOW LEVEL+B2 HIGH LEVEL
+B1+G+8+TECHNICAL+H.CLUB FLOOR
","Wadi Al Safa 3","Dubai Development Authority (DDA)","0","0","0","71",""
"3679","Confident Preston","2295","CASA PRESTON REAL ESTATE L.L.C","2026-01-14 00:00:00","2028-04-14 00:00:00","","Normal","23482480","","PENDING","0","2025-05-08 18:39:04","","The building consists of G+9 floors and includes comprehensive residential services, in addition to rooftop facilities.","Wadi Al Safa 2","","0","0","0","99",""
"3691","Trump Tower","2305","DAR GLOBAL LUXURY PROPERTY DEVELOPMENT L.L.C S.O.C","2026-01-15 00:00:00","2031-12-31 00:00:00","2025-04-29 10:33:51","Normal","300000000","0205879614802","ACTIVE","2.03","2026-04-09 16:59:36","","The project is located on Sheikh Zayed Road and will include branded residential apartments, a pool and gymnasium, backside multistorey parking on a different plot, and various amenities such as SPA, and F&Bs. 
The project is described as G+79 and will consist of a total of 572 units.","Trade Center First","Dubai Municipality","0","0","0","574",""
"3732","Waada - Cascada 2","2254","BT PROPERTIES DWC LLC","2026-03-18 00:00:00","2029-03-17 00:00:00","2025-12-10 12:07:11","Normal","172786300","1001468010000005","ACTIVE","0","2026-08-12 13:35:42","","G+16 Floor","Madinat Al Mataar","Dubai South","0","0","0","249",""
"3745","Akala Hotels and Residences","1409","ARADA DEVELOPMENTS L.L.C S.O.C","2026-05-01 00:00:00","2029-10-31 00:00:00","2025-05-20 12:05:18","Normal","1473000000","1009913193","ACTIVE","0.1","2026-06-30 17:36:48","","Project Akala Hotels and Residences by Arada Developments L.L.C S.O.C located at Zabeel Second, Plot No. 21, Municipality number 3370589.  The project is a Residential and Hotel development with 284 no. Residential Units in Tower 1 and total 354 no. Hotel Keys/ Residential Units in Tower 2.","Zaabeel Second","Dubai Municipality","0","0","0","546",""
"3749","Olbia","1162","NSHAMA PROPERTIES OWNED BY NSHMI DEVELOPMENT ONE PERSON COMPANY L.L.C","2026-01-30 00:00:00","2028-05-31 00:00:00","2025-05-28 11:08:31","Normal","127718022","4031224702173094","ACTIVE","0","2026-03-23 13:28:41","","G+2P+10+Parking in ground floor & Podium Floors","Al Yelayiss 2","Dubai Development Authority (DDA)","0","0","0","156",""
"3805","The Weave","1955","THE WEAVE REAL ESTATE DEVELOPMENT L.L.C","2026-03-01 00:00:00","2028-09-01 00:00:00","2025-07-15 11:47:26","Normal","65844240","4031226874860002","ACTIVE","7.61","2026-07-13 10:57:38","","G+5P+13Floors+Amenities","Al Barsha South Fourth","Trakhees","0","0","0","130",""
"3809","Hayat 2","1142","DUBAI SOUTH PROPERTIES DWC LLC","2026-01-10 00:00:00","2028-05-31 00:00:00","2025-06-17 11:55:53","Normal","314131975","0205928147605","ACTIVE","0","2026-03-13 06:28:16","","Hayat 2 is a phase of townhouse communities featuring a mix of 3, 4, and 5-bedroom units. comprises 142 townhouses","Madinat Al Mataar","Dubai South","0","0","142","0",""
"3810","Hayat 3 ","1142","DUBAI SOUTH PROPERTIES DWC LLC","2026-01-30 00:00:00","2028-05-30 00:00:00","2025-06-17 12:03:27","Normal","313074954","0205928147603","ACTIVE","0","2026-03-13 06:31:46","","Hayat 3 is a phase of townhouse communities featuring a mix of 3, 4, and 5-bedroom units. comprises 144 townhouses","Madinat Al Mataar","Dubai South","0","0","144","0",""
"3818","AUM 99 Residences","2250","AUM 99 HOME REAL ESTATE DEVELOPMENTS L.L.C","2026-03-31 00:00:00","2029-03-31 00:00:00","2026-03-12 13:44:47","Normal","37500000","0205937932202","ACTIVE","0","2025-07-15 11:09:38","","One Residential Building (B2+G+11+ROOF)","Wadi Al Safa 5","","0","0","0","186",""
"3832","Pinewood Estate Homes","2249","JGE REAL ESTATE L.L.C","2026-03-18 00:00:00","2028-11-17 00:00:00","2025-06-18 11:59:09","Normal","720951905","0205915786603","ACTIVE","0.32","2026-01-23 10:22:47","","Total of 247 (G+1 villas & G+1 + Roof villas)","Me'Aisem First","Trakhees","0","0","247","0",""
"3869","Talea","2264","MANAROLA REAL ESTATE DEVELOPMENTS L.L.C","2026-03-30 00:00:00","2028-06-30 00:00:00","2025-07-29 09:22:01","Normal","326000000","0205924186903","ACTIVE","0","2026-03-17 10:57:41","","Residential Building G +3P+ 41 Floor +Roof","Madinat Dubai Almelaheyah","Trakhees","0","0","0","354",""
"3883","Elevia Residences II","2260","VALORES WBAY PROPERTY DEVELOPMENT L.L.C","2026-01-20 00:00:00","2028-01-19 00:00:00","","Normal","32000000","","PENDING","0","2026-02-02 18:21:42","","Residential Building (B+G+5+R)","Warsan Fourth","","1","0","0","0",""
"3890","Eywa The Way Of Water","1807","REVOLUTION PALM REAL ESTATE L.L.C","2026-02-15 00:00:00","2028-10-15 00:00:00","2026-03-11 14:09:02","Normal","261283787","3004049510000002","ACTIVE","0","2025-10-16 10:50:03","","G+27+R - Residential and Amenities","Business Bay","","0","0","0","65",""
"4024","Azizi Abraham","1002","AZIZI DEVELOPMENTS L.L.C","2026-07-04 00:00:00","2027-08-04 00:00:00","2026-08-04 15:10:43","Normal","99417500","011175972016","ACTIVE","2","2026-03-17 16:58:49","","PROPOSED RESIDENTIAL/RETAIL (3B + GROUND + M + 3P + 16 + R) ","Jabal Ali Industrial Second","Trakhees","0","0","0","420",""
"4028","Fiori","1162","NSHAMA PROPERTIES OWNED BY NSHMI DEVELOPMENT ONE PERSON COMPANY L.L.C","2026-03-16 00:00:00","2028-06-30 00:00:00","2025-09-18 10:10:37","Normal","124901695","4031224702173101","ACTIVE","0","2026-03-23 13:32:28","","G+2P+10+parking in Ground floor & podium floors","Al Yelayiss 2","Dubai Development Authority (DDA)","0","0","0","146",""
"4031","SERA 1","1275","MINA RASHID PROPERTIES L.L.C","2026-02-26 00:00:00","2029-11-30 00:00:00","2025-08-25 13:17:40","Normal","243902724","9009224036986014","ACTIVE","0.04","2026-05-20 14:32:44","","Residential Development Consisting of two Buildings: Total 203 units 
Tower A (G+P+7): Total of 96 units
Tower B (G+P+8): Total of 107 units
","Madinat Dubai Almelaheyah","Trakhees","0","0","0","203",""
"4032","SERA 2","1275","MINA RASHID PROPERTIES L.L.C","2026-02-26 00:00:00","2029-11-30 00:00:00","2025-08-14 16:35:29","Normal","223485648","12750345830005","ACTIVE","0.04","2026-05-20 14:37:41","","Residential Development Consisting of two Buildings: Total 183 units 
Tower A (G+P+6): Total of 83 units
Tower B (G+P+7): Total of 100 units
","Madinat Dubai Almelaheyah","Trakhees","0","0","0","183",""
"4038","Hayat 4 ","1142","DUBAI SOUTH PROPERTIES DWC LLC","2026-03-30 00:00:00","2028-07-31 00:00:00","2025-09-10 14:17:36","Normal","454596261","0205928147608","ACTIVE","0","2026-03-13 06:34:40","","The project consists of 200 modern townhouses offering a mix of 3, 4, and 5-bedroom units.","Madinat Al Mataar","Dubai South","0","0","200","0",""
"4040","Astra Residences","1157","DUGASTA PROPERTIES DEVELOPMENT L.L.C","2026-01-01 00:00:00","2027-08-31 00:00:00","2025-12-23 12:11:05","Normal","32000000","012008923815","ACTIVE","15.34","2026-07-13 12:48:50","","G+4+R","Madinat Al Mataar","Dubai South","0","0","0","108",""
"4044","Rise by Athlon 1","1657","AURORA SPV 3 L.L.C","2026-01-15 00:00:00","2029-12-30 00:00:00","2025-09-09 13:07:52","Normal","717786000","4031225788876008","ACTIVE","0.68","2026-04-24 09:02:21","","Rise by Athlon 1 , Azul, Teal, Magenta is a residential which consists of:
Azul Tower ? G+2P+27
 Teal Tower ? G+2P+24
 Magenta Tower ? G+2P+21
 Total residential units: 650","Wadi Al Safa 5","Dubai Development Authority (DDA)","0","0","0","650",""
"4045","Rise by Athlon 2","1657","AURORA SPV 3 L.L.C","2026-01-15 00:00:00","2030-01-30 00:00:00","2025-09-09 13:09:21","Normal","448872000","4031225788876010","ACTIVE","0.08","2026-04-24 09:10:48","","Rise by Athlon 4 , Cyan & Neon is a residential which consists of: 
Neon Tower ? G+2P+21
Cyan Tower ? G+2P+24
 Total residential units: 407","Wadi Al Safa 5","Dubai Development Authority (DDA)","0","0","0","407",""
"4046","Rise by Athlon 3","1657","AURORA SPV 3 L.L.C","2026-01-15 00:00:00","2030-01-30 00:00:00","2025-09-09 13:10:20","Normal","178464000","4031225788876012","ACTIVE","0.48","2026-04-24 09:13:15","","Rise by Athlon 3 , Grid & Tempo is a residential which consists of:
Grid Building  G+1P+4
 Tempo Building  G+1P+4
 Total residential units: 120","Wadi Al Safa 5","Dubai Development Authority (DDA)","0","0","0","120",""
"4047","Rise by Athlon 4","1657","AURORA SPV 3 L.L.C","2026-01-15 00:00:00","2029-12-30 00:00:00","2025-09-09 13:11:27","Normal","99915000","4031225788876014","ACTIVE","0.56","2026-04-24 09:15:38","","Rise by Athlon 4 , Foundry is a residential which consists of:
Foundry Building  G+1P+4
Total residential units: 66","Wadi Al Safa 5","Dubai Development Authority (DDA)","0","0","0","66",""
"4050","Kanyon By Beyond","2316","COBIA REAL ESTATE DEVELOPMENT L.L.C","2026-06-30 00:00:00","2028-09-30 00:00:00","2025-10-30 14:49:09","Normal","378406311","0205924457503","ACTIVE","0","2026-04-20 12:06:48","","Mixed use (Residential + Retail), G+3P+45+1MECH+R residential floors.","Madinat Dubai Almelaheyah","Trakhees","0","0","0","412",""
"4052","ALDER AT PARK FIVE","15","DEYAAR DEVELOPMENT (P.J.S.C)","2026-03-01 00:00:00","2027-12-31 00:00:00","2025-10-02 12:16:42","Normal","55200000","454761830007","ACTIVE","0","2025-08-18 15:30:17","","B (Services)+G + 5 Res. Floor + Retail","Me'Aisem First","Dubai Development Authority (DDA)","0","0","0","75",""
"4053","Hayat 5","1142","DUBAI SOUTH PROPERTIES DWC LLC","2026-03-30 00:00:00","2028-07-30 00:00:00","2025-09-10 14:20:44","Normal","265442749","0205928147610","ACTIVE","0","2026-03-13 06:46:24","","The project consists of 112 modern townhouses offering a mix of 4, and 5-bedroom units.","Madinat Al Mataar","Dubai South","0","0","112","0",""
"4057","Helvetia Verde","1619","D H G PROPERTY DEVELOPMENT L.L.C","2026-01-01 00:00:00","2027-11-30 00:00:00","2025-10-10 13:33:48","Normal","63400000","29409887","ACTIVE","0.62","2026-04-22 15:21:40","","G+2P+17+R w/ retail at ground","Bukadra","Dubai Municipality","0","0","0","109",""
"4061","Floarea Breeze","1542","MASHRIQ ELITE REAL ESTATE DEVELOPMENT L.L.C","2026-01-01 00:00:00","2028-06-30 00:00:00","2025-11-25 15:23:07","Normal","32500000","13613635820004","ACTIVE","0","2025-08-27 20:22:15","","Residential Building (G+6+Roof)","Palm Deira","Trakhees","0","0","0","52",""
"4064","DAMAC DISTRICT","954","DAMAC CRESCENT PROPERTIES","2026-02-14 00:00:00","2029-03-30 00:00:00","2025-09-03 13:00:36","Normal","367556140","019000091174","ACTIVE","0.12","2026-02-18 14:36:44","","Project consists of 3 towers; Tower A: G+2P+26+R - residential building, Tower B:
G+2P+29+R- residential building and Tower C: G+2P+10+R commercial located in Al
Hebiah Third, Plot no. 6768567, Damac Hills, Dubai, United Arab Emirates. The building is
designed to have a concrete structure and block with internal and external finishes.","Al Hebiah Third","Dubai Development Authority (DDA)","0","0","0","1197",""
"4066","Avida Residences","2139","SERENE MARINA REAL ESTATE DEVELOPMENT L.L.C","2026-01-02 00:00:00","2027-12-01 00:00:00","2025-09-11 09:57:55","Normal","35000000","1010016150","ACTIVE","1.88","2026-05-14 10:59:31","","G+P+6","Palm Deira","Trakhees","0","0","0","50",""
"4067","Grand Polo - Chevalia Estate 2","1211","EMAAR DEVELOPMENT P.J.S.C.","2026-02-16 00:00:00","2029-06-30 00:00:00","2025-09-10 15:04:50","Normal","460598646","001640196282001","ACTIVE","4.09","2026-06-19 15:20:13","","Residential development consisting of 124 villas (G+2)
","Dubai Investment Park Second","Dubai Municipality","0","0","124","0",""
"4071","Wedyan","2054","WEDYAN AL GHURAIR REAL ESTATE DEVELOPMENT L.L.C","2026-03-15 00:00:00","2029-09-15 00:00:00","2025-09-22 14:01:56","Normal","920000000","019000089390","ACTIVE","0","2026-04-16 12:26:35","","Residential and Commercial Building (3B + G + 46 Floors + R)","Business Bay","Dubai Development Authority (DDA)","0","0","0","164",""
"4073","Bond Living","1905","PEARLSHIRE DIRC REAL ESTATE DEVELOPMENT L.L.C","2026-03-01 00:00:00","2028-09-30 00:00:00","2025-11-17 18:11:08","Normal","37600000","13574882920003","ACTIVE","0","2025-09-04 16:18:05","","Basement + Ground + 11 Residential Floors + Roof","Wadi Al Safa 5","Dubai Development Authority (DDA)","0","0","0","94",""
"4076","Azizi Wares","1002","AZIZI DEVELOPMENTS L.L.C","2026-03-04 00:00:00","2028-03-04 00:00:00","2026-04-03 13:47:50","Normal","87053200","011177627018","ACTIVE","2","2026-03-18 18:28:27","","PROPOSED G+3P+6+R RESIDENTIAL/ COMMERCIAL BUILDING","Jabal Ali Industrial Second","Trakhees","0","0","0","336",""
"4081","Breez by Danube","1009","DANUBE PROPERTIES DEVELOPMENT L.L.C","2026-01-01 00:00:00","2029-06-30 00:00:00","2025-09-18 10:41:41","Normal","510000000","4031221746692063","ACTIVE","0.14","2026-07-10 12:43:36","","Residential Building with Retails at Ground floor (1B+G+8P+1st Floor (Amenities)+46 Residential Floors + 2 Partial Mech. & Residential Floors + Roof","Madinat Dubai Almelaheyah","Trakhees","0","0","0","1248",""
"4084","Soulever' By Beyond","2324"," BEYOND 1 REAL ESTATE DEVELOPMENT L.L.C ","2026-03-30 00:00:00","2028-12-30 00:00:00","2025-09-29 14:45:02","Normal","645000000","0205926829003","ACTIVE","0","2026-04-23 13:00:45","","Proposed 2B+G+3P+31/44 Story Mixed Use " Commercial & Residential" 2 Towers","Madinat Dubai Almelaheyah","Trakhees","0","0","0","517",""
"4085","Waada - Altura 2","2254","BT PROPERTIES DWC LLC","2026-03-15 00:00:00","2029-03-14 00:00:00","2025-10-10 13:43:33","Normal","150129399","012648006274","ACTIVE","4.06","2026-03-31 17:29:13","","B+G+2P+28","Madinat Al Mataar","Dubai South","0","0","0","365",""
"4089","Solaya (1,2,3)","1824","LA MER NORTH PROPERTY CO. L.L.C","2026-01-30 00:00:00","2029-06-30 00:00:00","2025-09-24 14:24:31","Normal","636666894","1010028254","ACTIVE","0","2026-07-08 09:33:52","","-	3 Residential Buildings comprising of 67 Residential units (2BHK=14, 3BHK=22, 4BHK=24, 5BHK=4, PH=3)
-	Solaya 1 : B+G+6+R (18# -Resi. Units).
-	Solaya 2 : B+G+7+R (22# - Resi. Units).
-	Solaya 3 : B+G+8+R (27# - Resi. Units).","Jumeirah First","Dubai Development Authority (DDA)","0","0","0","67",""
"4090","Lumena Alta by Omniyat","2493","AZURE HORIZON REAL ESTATE DEVELOPMENTS L.L.C","2026-06-30 00:00:00","2031-04-30 00:00:00","2026-03-30 14:46:12","Normal","956456236","019000091489","ACTIVE","0","2026-07-20 16:13:52","","In accordance with permitted development guidelines of G+80","Business Bay","Dubai Development Authority (DDA)","0","0","0","186",""
"4092","LEGACY HEIGHTS","2399","LEGACY HOMES REAL ESTATE DEVELOPMENT DWC-LLC","2026-04-04 00:00:00","2029-04-04 00:00:00","2026-04-01 12:58:46","Normal","35000000","1010153839","ACTIVE","0","2025-10-06 13:49:31","","G+6 Residential Building at Plot No. RG-67","Madinat Al Mataar","Dubai South","0","0","0","87",""
"4093","241 Waterside","2390","LEGACY STAR REAL ESTATE DEVELOPMENT L.L.C","2026-01-15 00:00:00","2028-06-15 00:00:00","2025-11-11 12:48:27","Normal","42000000","0205935550405","ACTIVE","0.02","2026-06-16 18:38:50","","Residential Building(G+2P+8 Floors Roof) + Entertainment area @ Podium 2F + Swimming Pool @ Roof","Palm Deira","Trakhees","0","0","0","63",""
"4096","Azizi David","1002","AZIZI DEVELOPMENTS L.L.C","2026-02-03 00:00:00","2028-09-30 00:00:00","2026-02-24 11:48:32","Normal","65141200","011176843014","ACTIVE","2","2026-03-17 17:04:35","","PROPOSED RESIDENTIAL BUILDING 3B+G+4P+15+R ","Al Jadaf","Dubai Development Authority (DDA)","0","0","0","256",""
"4099","Jasmine Residence","2279","DAR COMFORT REAL ESTATE L.L.C","2026-02-15 00:00:00","2027-12-31 00:00:00","","Normal","38000000","","PENDING","0","2026-01-28 12:47:10","","Residential building (b+g+4 Floor + Roof ) with retail @GF + Swimming Pool @ first Floor)","Al Barsha South Fifth","","1","0","0","0",""
"4111","Sakura Gardens by HRE ","1669","HRE REAL ESTATE DEVELOPMENT L.L.C","2026-03-01 00:00:00","2029-06-30 00:00:00","2025-10-01 13:48:38","Normal","850000000","0012157179023","ACTIVE","1.43","2026-06-05 17:55:21","","Residential Building (B+G+9 floor + Retail in Ground Floor )","Wadi Al Safa 2","Dubai Development Authority (DDA)","0","0","0","1429",""
"4115","Aurea","1275","MINA RASHID PROPERTIES L.L.C","2026-03-31 00:00:00","2030-06-30 00:00:00","2025-09-26 09:45:55","Normal","164321560","12750345830007","ACTIVE","0","2025-09-19 11:15:17","","Residential Development
Consisting of one Building: Total 169 units
Tower: (G+P+13): Total of 169 units
Retails : 3 Units on Ground Floor","Madinat Dubai Almelaheyah","Trakhees","0","0","0","172",""
"4116","ELTIERA VIEWS ","2371","ELLINGTON PCFC DEVELOPERS L.L.C","2026-04-16 00:00:00","2029-12-31 00:00:00","2026-05-08 15:49:12","Normal","1067756440","14491834920002","ACTIVE","0","2025-12-03 15:38:57","","RESIDENTIAL WITH RETAILS @ GROUND ( SHARED G+3P+1st FLOOR INCLUDING ENTERTAINMENTS + 4 # of RESIDENTIAL TOWERS 25+R) ","Al Thanyah Fifth","Trakhees","0","0","0","1185",""
"4118","Crystal Tower","2337","V H S REAL ESTATE DEVELOPMENTS L.L.C","2026-01-01 00:00:00","2028-12-01 00:00:00","2025-12-24 09:53:47","Normal","34500000","0800008852002","ACTIVE","0.34","2026-06-19 14:31:13","","Commercial & Residential Building (G+2P+7F+R)","Al Warsan First","Dubai Development Authority (DDA)","0","0","0","110",""
"4121","Taormina Village 2","2306","M H L REAL ESTATE DEVELOPMENT (Br of MILLENNIUM HOLDING LIMITED ) - DUBAI BRANCH","2026-06-30 00:00:00","2029-07-06 00:00:00","2026-08-06 13:39:55","Normal","139004348","1010222303","ACTIVE","0","2025-09-22 15:24:43","","308 Residential Villas, Each Villa Consisting Of A (Ground Floor + 2 Floors + Roof)","Wadi Al Safa 3","","1","0","308","0",""
"4122","Solaya (4,6)","1941","LA MER CENTRAL PROPERTY CO. L.L.C","2026-03-31 00:00:00","2029-09-30 00:00:00","2025-11-28 10:46:12","Normal","398291189","1010083457","ACTIVE","0","2026-06-04 10:51:26","","2 Residential Buildings comprising of 44 Residential units (2BHK=10, 3BHK=17, 4BHK=12, 5BHK=3, PH=2)
Solaya 4: B+G+R+6 (18# -Resi. Units).
Solaya 6: B+G+R+7 (26# -Resi. Units).
","Jumeirah First","Dubai Development Authority (DDA)","0","0","0","176",""
"4123","Solaya (5,7)","1941","LA MER CENTRAL PROPERTY CO. L.L.C","2026-03-31 00:00:00","2029-09-30 00:00:00","2025-11-28 10:52:37","Normal","524319595","1010083432","ACTIVE","0","2026-06-04 10:58:40","","2 Residential Buildings comprising of 55 Residential units (2BHK=8, 3BHK=19, 4BHK=22, 5BHK=4, PH=2)
Solaya 5: B+G+R+7 (26# -Resi. Units).
Solaya 7: B+G+R+8 (29# -Resi. Units).
","Jumeirah First","Dubai Development Authority (DDA)","0","0","0","55",""
"4125","Sky Line By Peace Homes","1983","PEACE HOMES REAL ESTATE L.L.C","2026-05-01 00:00:00","2030-05-30 00:00:00","2026-01-13 09:48:48","Normal","120645090","14355164920004","ACTIVE","0","2025-09-25 17:57:20","","Residential, Commercial and offices Building ( 5B +G +2.POD + 4 Offices Floor + 24 RES + Roof )","Wadi Al Safa 5","Dubai Development Authority (DDA)","0","0","0","565",""
"4131","Derby Heights","2288","A M I S SIGNATURE DEVELOPMENT L.L.C","2026-02-01 00:00:00","2027-10-31 00:00:00","2025-10-13 11:32:42","Normal","20221250","200884084","ACTIVE","2.14","2026-05-21 19:07:24","","B+G+4+R","Wadi Al Safa 3","Dubai Municipality","0","0","0","50",""
"4134","The Residences at the Dubai Beach Edition","2503","ED RESIDENCES L.L.C","2026-02-28 00:00:00","2029-11-30 00:00:00","2025-12-12 09:33:48","Normal","500000000","0205895005202","ACTIVE","0.15","2026-05-19 10:57:34","","Residential Buildings - 4 Buildings with common basement ( Tower A,B,C&D ) and retail ; B+G+P+9+R ( 165 Residential Unit )","Marsa Dubai","Dubai Development Authority (DDA)","0","0","0","169",""
"4135","SOL TERRA CASA II","999","S O L PROPERTIES DEVELOPMENT L.L.C","2026-06-15 00:00:00","2028-06-15 00:00:00","2026-08-06 14:13:58","Normal","5731833","0204876035510","ACTIVE","0","2026-04-14 22:18:29","","(G+2F+R) Townhouses - 11 Residential Units","Al Barsha South Fourth","Trakhees","0","0","11","0",""
"4137","Sobha SkyParks","966","SOBHA L.L.C","2026-04-01 00:00:00","2032-12-31 00:00:00","2025-12-25 10:26:42","Normal","1340851759","29411206","ACTIVE","0","2025-10-22 14:53:33","","Proposed Residential Development consisting of 5 Basement + Ground + 11 Podiums + 98 Floors + Roof ","Business Bay","Dubai Municipality","0","0","0","684",""
"4138","Nionis Residences - Interiors by Karl Lagerfeld Maison","1972","VAAM REAL ESTATE L.L.C","2026-02-24 00:00:00","2029-02-01 00:00:00","","Normal","37542582","","PENDING","","","","Residential Building (UG/G +1 Podium + 6 Floors + Roof ) With Swimming Pool @ Roof","Palm Deira","","0","0","0","50",""
"4141","Azizi Lina","1002","AZIZI DEVELOPMENTS L.L.C","2026-02-03 00:00:00","2028-09-30 00:00:00","2026-04-03 12:08:56","Normal","52698200","011178617018","ACTIVE","2","2026-03-17 17:15:53","","RESIDENTIAL/ RETAIL BUILDING 4B+G+3P+8+RF","Jabal Ali Industrial Second","Trakhees","0","0","0","242",""
"4142","DIVINE ELEMENTS ","1520","TAKMEEL REAL ESTATE DEVELOPMENT L.L.C","2026-01-01 00:00:00","2027-12-31 00:00:00","2025-11-06 15:19:40","Normal","20000000","200892061","ACTIVE","0.04","2026-07-06 16:39:04","","G+04 Residential Building ","Madinat Al Mataar","Dubai South","0","0","0","90",""
"4145","J188","1901","JAD GLOBAL REAL ESTATE DEVELOPMENT L.L.C","2026-04-01 00:00:00","2028-04-30 00:00:00","2025-12-29 10:59:50","Normal","60000000","001582227914701","ACTIVE","0","2025-11-07 12:01:11","","G+2P+13+R Residencial Building","Al Jadaf","Dubai Development Authority (DDA)","0","0","0","131",""
"4146","PEACE AVENUE BY PEACE HOMES","1745","PEACE HOMES DEVELOPMENT L.L.C","2026-01-01 00:00:00","2029-01-31 00:00:00","2026-01-13 12:50:19","Normal","57236989","01434279269","ACTIVE","0","2025-10-08 18:49:42","","Residential and commercial building 2B + G + 3 POD + 14 Floor + Roof","Jabal Ali Industrial Second","Trakhees","0","0","0","266",""
"4147","SKY HARMONY BY PEACE HOMES","2387","PEACE HOMES INTERNATIONAL DEVELOPMENT L.L.C","2026-01-20 00:00:00","2029-01-20 00:00:00","2026-02-12 15:44:06","Normal","36332424","14355169920004","ACTIVE","0","2025-10-08 18:34:59","","G + 4P + 12 Residential Building","Al Barsha South Fourth","","0","0","0","197",""
"4149","ROSEWELL","1162","NSHAMA PROPERTIES OWNED BY NSHMI DEVELOPMENT ONE PERSON COMPANY L.L.C","2026-04-15 00:00:00","2028-12-31 00:00:00","2025-10-31 08:54:35","Normal","171048510","4031224702173104","ACTIVE","0.02","2026-06-10 12:24:31","","G+P+15+parking in GF & Podium floors ","Al Yelayiss 2","Dubai Development Authority (DDA)","0","0","0","217",""
"4150","Evelyn on the Park","1162","NSHAMA PROPERTIES OWNED BY NSHMI DEVELOPMENT ONE PERSON COMPANY L.L.C","2026-06-15 00:00:00","2029-02-28 00:00:00","2025-12-31 14:56:27","Normal","191750444","4031224702173106","ACTIVE","0.02","2026-06-10 12:29:36","","Residential + Commercial Apartment Building G+P+12 + Parking in GF & Podium Floors
","Al Yelayiss 2","Dubai Development Authority (DDA)","0","0","0","259",""
"4156","Palm Central Private Residences - Frond M","104","THE PALM - JEBEL ALI CO. (L.L.C)","2026-01-02 00:00:00","2029-07-31 00:00:00","2025-10-27 11:17:17","Normal","489385000","4031226981289002","ACTIVE","0.02","2026-05-18 18:07:10","","Residential Buildings comprising of 212 Residential units (1BHK=72, 2BHK=72, 3BHK=48, 4BHK=8, 4BR TH = 8, 5BHK=2, PH=2) as follows :

-	Building A : B+G+6+R
(72 Residential Units).

-	Building B: B+G+6+R
(72 Residential Units).

-	Building C: G+6+R
(68 Residential Units).
","Palm Jabal Ali","Trakhees","0","0","0","212",""
"4157","Helvetia Marine","1619","D H G PROPERTY DEVELOPMENT L.L.C","2026-01-23 00:00:00","2028-03-15 00:00:00","2025-11-26 13:26:04","Normal","37200000","29436525","ACTIVE","0","2026-04-22 15:31:52","","G+2P+8 Residential ","Palm Deira","Trakhees","0","0","0","63",""
"4160","Terra Gardens","1237","DWTC EMAAR L.L.C","2026-04-17 00:00:00","2029-10-31 00:00:00","2025-10-27 12:59:38","Normal","557688529","001640218307801","ACTIVE","0.08","2026-06-01 10:07:18","","The project consists of 2 buildings - B+G+12 a shared basement and a shared ground floor,
 in addition to two residential buildings with 12 floors plus a roof each
along with 8 townhouses. The project includes a total of 560 residential units.
","Madinat Al Mataar","Dubai Municipality","0","0","0","561",""
"4162","Grand Polo - Equiterra 2","1211","EMAAR DEVELOPMENT P.J.S.C.","2026-02-09 00:00:00","2029-07-31 00:00:00","2025-10-30 15:24:18","Normal","407037034","001640218948401","ACTIVE","1.04","2026-04-24 15:32:13","","Residential development consisting of 384 townhouse units (G+1)","Dubai Investment Park Second","Dubai Municipality","0","0","384","0",""
"4163","Waada - Altura 1","2254","BT PROPERTIES DWC LLC","2026-04-13 00:00:00","2029-04-12 00:00:00","2025-11-05 12:27:04","Normal","162081745","012719009423","ACTIVE","1.94","2026-05-22 14:36:33","","2B+G+3P+28F","Madinat Al Mataar","Dubai South","0","0","0","381",""
"4166","Shahrukhz by Danube","1009","DANUBE PROPERTIES DEVELOPMENT L.L.C","2026-01-01 00:00:00","2029-06-30 00:00:00","2025-11-11 11:54:13","Normal","350000000","4031221746692066","ACTIVE","1.86","2026-08-11 12:34:04","","Commercial - 6B+G+3P+41F+1MECH+R","Al Safouh First","Dubai Development Authority (DDA)","0","0","0","917",""
"4168","VIVIDA Residences","2372","N A M O REAL ESTATE DEVELOPMENT L.L.C","2026-02-01 00:00:00","2027-09-30 00:00:00","2026-03-26 13:12:54","Normal","25000000","3538514517303","ACTIVE","0.84","2026-08-13 10:27:59","","G+4+R Residential Building","Madinat Al Mataar","Dubai South","0","0","0","66",""
"4174","Le Blanc Residence by Imtiaz","2275","IMTIAZ COVE REAL ESTATE DEVELOPMENT L.L.C","2026-01-15 00:00:00","2028-10-15 00:00:00","2025-12-15 12:11:05","Normal","115101572","011184071016","ACTIVE","3.41","2026-07-01 08:58:06","","B+G+3P+17+R - Residential Building","Wadi Al Safa 5","Dubai Development Authority (DDA)","0","0","0","323",""
"4175","Vista by Vision","1806","CLEAR VISION REAL ESTATE DEVELOPMENT L.L.C","2026-01-01 00:00:00","2027-09-01 00:00:00","2025-11-18 16:18:01","Normal","75000000","80260600000078","ACTIVE","3.38","2026-05-04 13:19:48","","B+G+14+R Residential Building ","Me'Aisem First","Dubai Development Authority (DDA)","0","0","0","328",""
"4176","368 Park Ln","1062","TABEER REAL ESTATE DEVELOPMENT L.L.C","2026-02-28 00:00:00","2028-08-31 00:00:00","2026-01-13 11:51:38","Normal","60000000","1011226170006005","ACTIVE","0","2025-11-04 13:46:02","","UG+1B+G+4P+14+R Residential building","Al Barsha South Fourth","Trakhees","0","0","0","213",""
"4177","THE EDIT at d3","1510","DHRE 2 BTS L.L.C","2026-01-10 00:00:00","2030-01-31 00:00:00","2025-11-06 13:02:01","Normal","900000000","29427113","ACTIVE","0.24","2026-08-14 17:23:15","","Residential project consists of Three Residential Towers:  
	Tower-A 3B+G+30, 182 units. 
	Tower-B 3B+G+37, 177 units.
	Tower-C 3B+G+33, 198 units.
	Total (557) Residential Units.
Including the following:
o	1-bedroom apartments.
o	2-bedroom apartments.
o	3- bedroom apartments.
o	4- bedroom apartments.
o	5- bedroom Penthouses.","Zaabeel Second","Dubai Development Authority (DDA)","0","0","0","557",""
"4178","Coventry 2","2224","G F S REAL ESTATE DEVELOPMENT L.L.C","2026-03-01 00:00:00","2028-12-01 00:00:00","2026-04-06 10:41:41","Normal","102000000","19543516","ACTIVE","0","2025-11-11 12:11:12","","Residential Building ( 2B+G+3P+15+R) with Retails@ GF","Warsan Fourth","Trakhees","0","0","0","372",""
"4179","Sunteck MAS","2479","SUNTECK MAS REAL ESTATE DEVELOPMENT L.L.C","2026-07-01 00:00:00","2031-06-30 00:00:00","","Normal","375000000","","PENDING","0","2025-10-24 12:03:23","","1 Basement + Ground + 4 Podiums + 35 Floors + Roof ","Burj Khalifa","","0","0","0","484",""
"4180","Route 66","2411","DEERFIELDS REAL ESTATE DEVELOPMENT L.L.C S.O.C","2026-01-20 00:00:00","2027-12-12 00:00:00","2026-01-14 15:33:04","Normal","11000000","19564270","ACTIVE","0","2025-11-03 10:26:08","","G+4+R","Saih Shuaib 1","Dubai Development Authority (DDA)","0","0","0","24",""
"4183","31 Above By Beyond","2416","BEYOND VESPERA REAL ESTATE DEVELOPMENT L.L.C","2026-04-30 00:00:00","2028-12-30 00:00:00","2025-11-05 12:41:00","Normal","290800000","0205937400402","ACTIVE","0.51","2026-06-11 20:48:03","","Office Building (G+5P+31 FLOOR)","Madinat Dubai Almelaheyah","Trakhees","0","0","0","118",""
"4184","Boulevard Park 1","1233","JAG DEVELOPMENT L.L.C","2026-04-30 00:00:00","2030-04-30 00:00:00","2025-11-18 10:20:52","Normal","929570896","1010075545","ACTIVE","0","2026-06-10 11:27:20","","Residential buildings 1A ? P+G+36, 1B ? P+G+19","Jabal Ali First","Dubai Municipality","0","0","0","717",""
"4185","Grand Polo - Equiterra ","1211","EMAAR DEVELOPMENT P.J.S.C.","2026-03-09 00:00:00","2029-08-31 00:00:00","2025-11-04 12:31:29","Normal","629557055","3538215410321","ACTIVE","0.83","2026-04-23 09:44:43","","Residential development consisting of 37 villas (G+2) and 510 townhouse units (G+1)
","Dubai Investment Park Second","Dubai Municipality","0","0","547","0",""
"4186","Grand Polo - Equestra","1211","EMAAR DEVELOPMENT P.J.S.C.","2026-05-09 00:00:00","2029-08-31 00:00:00","2025-11-04 12:33:23","Normal","421369520","0322818044009","ACTIVE","1.02","2026-04-24 15:29:28","","Residential development consisting of 27 villas (G+2) and 334 townhouse units (G+1)
","Dubai Investment Park Second","Dubai Municipality","0","0","361","0",""
"4190","Prestige One Residences","2257","PRESTIGE LUXE REAL ESTATE DEVELOPMENT L.L.C","2026-02-01 00:00:00","2029-12-31 00:00:00","2025-11-19 08:46:02","Normal","170000000","0405920610407","ACTIVE","0.04","2026-06-17 10:25:14","","G+4P+35+Roof","Madinat Dubai Almelaheyah","Trakhees","0","0","0","220",""
"4195","LIA","1511","AVENEW REAL ESTATE DEVELOPMENT L.L.C","2026-03-20 00:00:00","2028-05-20 00:00:00","2025-11-27 09:27:11","Normal","70000000","001582223588301","ACTIVE","0.09","2026-06-08 16:21:17","","Mix use residential building G+P+8 
Retail @ ground floor & gym, swimming pool @ 1st floor. Total Residential Units 
= 80 Units (1BHK=36 Units, 2BHK=36  Units, 3BHK=6 Units, Penthouse Simplex 2BHK=1 Units, Penthouse Simplex 5BHK=1 Units) and Retail Unit = 1 Unit","Palm Deira","Trakhees","0","0","0","82",""
"4196","SUNVALE","2308","PRYSM REAL ESTATE DEVELOPMENT L.L.C","2026-02-01 00:00:00","2028-05-31 00:00:00","2025-11-28 10:00:56","Normal","46954728","019500000868","ACTIVE","1.32","2026-06-18 19:10:10","","B2+GF+2P+14F+RF","Jabal Ali First","Trakhees","0","0","0","94",""
"4197","PARKGREEN RESIDENCES BY ALISHAAN","2297","ALISHAAN DEVELOPMENTS L.L.C","2026-01-01 00:00:00","2028-06-30 00:00:00","2025-11-27 08:34:47","Normal","45000000","0012505172002","ACTIVE","0","2026-06-22 12:23:28","","G+9+ RESIDENTIAL BUILDING","Wadi Al Safa 2","Dubai Development Authority (DDA)","0","0","0","116",""
"4198","Creek Bay","1224","DUBAI CREEK HARBOUR L.L.C","2026-03-31 00:00:00","2030-04-30 00:00:00","2025-11-13 10:36:37","Normal","1062079000","0205668118513","ACTIVE","0.62","2026-06-10 10:56:06","","Building 1(Tower A): 1B+G+3P+44F+2MECH+R; Building 2(Tower B): 1B+G+3P+38F+2MECH+R; 
Shared (Basement +Podium): 1B+G+3P ","Al Khairan First","Dubai Development Authority (DDA)","0","0","0","766",""
"4199","Fior 2","1275","MINA RASHID PROPERTIES L.L.C","2026-04-23 00:00:00","2030-08-31 00:00:00","2025-11-07 00:00:00","Normal","256287049","12750345830009","ACTIVE","0","2025-11-03 16:47:32","","Building (B+G+1P+16 Floors) 213 Residential units and 3 Retail
","Madinat Dubai Almelaheyah","Trakhees","0","0","0","216",""
"4200","Grove Ridge","1155","EMAAR DUBAI SOUTH DWC LLC","2026-04-30 00:00:00","2029-09-30 00:00:00","2025-11-14 15:48:14","Normal","206295315","11134281830001","ACTIVE","0","2025-11-03 17:00:48","","Residential Building G+P+09/11
193 Residential Apartment
","Madinat Al Mataar","Dubai South","0","0","0","193",""
"4201","Vista Ridge","1155","EMAAR DUBAI SOUTH DWC LLC","2026-04-30 00:00:00","2029-09-30 00:00:00","2025-11-17 13:16:12","Normal","212376867","11134281830003","ACTIVE","0","2025-11-03 17:04:07","","Residential Building G+P+10/11
198 Residential Apartment
","Madinat Al Mataar","Dubai South","0","0","0","198",""
"4202","Soel","2177","LIVING QUALITY PROPERTIES L.L.C","2026-01-01 00:00:00","2029-05-01 00:00:00","","Normal","250000000","019000088483","PENDING","0","2025-11-06 11:43:10","","Ground + 6 Podium + 30 Floor + Roof","Al Barshaa South Third","","0","0","0","841",""
"4205","Blossom 40","1812","TRANQUIL INFRA DEVELOPERS L.L.C","2026-02-01 00:00:00","2028-03-31 00:00:00","2025-12-16 11:38:50","Normal","35200000","001582225481701","ACTIVE","0","2026-06-01 15:25:35","","B+G+9 TYP+R Residential Building","Wadi Al Safa 3","Dubai Development Authority (DDA)","0","0","0","66",""
"4209","The Oasis - Palmiera Collective","555","EMAAR PROPERTIES (P.J.S.C)","2026-01-03 00:00:00","2029-02-28 00:00:00","2025-11-18 19:01:49","Normal","200840640","3537653378605","ACTIVE","1.33","2026-06-10 14:51:23","","Residential development consisting of 38 villas (B+G+2)
","Me'Aisem Second","Dubai Municipality","0","0","38","0",""
"4210","Hado By Beyond","2409","SANDY SHORES REAL ESTATE L.L.C S.O.C","2026-06-30 00:00:00","2029-06-30 00:00:00","2025-12-09 15:00:23","Normal","627258267","019000092564","ACTIVE","0.01","2026-06-11 20:39:45","","Mixed Use (Residential - Retail)  B+G+21+R","Palm Deira","Trakhees","0","0","0","692",""
"4211","Boulevard Park 2","1233","JAG DEVELOPMENT L.L.C","2026-04-30 00:00:00","2029-11-30 00:00:00","2025-11-18 10:23:27","Normal","689234998","1010076865","ACTIVE","0","2026-06-10 11:32:25","","Residential buildings 2C  (P+G+13), 2D (P+G+20), 2E ( P+G+20)","Jabal Ali First","Dubai Municipality","0","0","0","555",""
"4212","ELARIS AXIS","1579","OBJECT ONE REAL ESTATE DEVELOPMENT L.L.C","2026-01-10 00:00:00","2028-11-30 00:00:00","","Normal","64550000","","PENDING","0","2025-11-07 16:02:30","","B+G+5P+11 Offices+7+R","Al Barsha South Fifth","","0","0","0","171",""
"4213","PORTSIDE SQUARE ","2529","ELLINGTON PCFC MR DEVELOPMENT L.L.C","2026-08-12 00:00:00","2029-12-31 00:00:00","","Normal","350000000","","PENDING","0","2026-01-08 11:41:35","","Mixed Use - Residential & with Retails @ ground ( office, retails & restaurant ) 3 residential buildings (shared G+1P+( 3X 16th floors +R) and Office building (G+2P+10+R) + Amenities Building (G+P+2) ","Madinat Dubai Almelaheyah","","0","0","0","428",""
"4214","R Home MH","2349","BUKADRA DEVELOPMENT L.L.C","2026-03-31 00:00:00","2029-08-31 00:00:00","2025-11-18 09:19:35","Normal","145048874","14373766920002","ACTIVE","0","2025-11-07 14:12:07","","Residential Building B+G+3P+20 floors ","Bukadra","Dubai Municipality","0","0","0","190",""
"4218","Lincoln Star Residence III","2486","LINCOLN PARK REAL ESTATE DEVELOPMENT L.L.C","2026-02-01 00:00:00","2028-07-31 00:00:00","","Normal","16000000","1002414010000003","PENDING","0","2025-11-07 11:02:13","","This project consists of (UG+G+6+ROOF) Residential Building Ground Floor+6 Residential floors +Lower & Upper roofs. There are 76 Of apartments including 19 Nos. of Studio apartments, 18 Nos of 1-bedroom apartments, 39 Nos of 2-bedroom apartments, and there is a facility such as gymnasium and swimming pool with landscaped area for residents provided on the Roof top level. There are 74 Nos. of car parking facilities available for residents and for visitors as per regulations.","Madinat Al Mataar","","0","0","0","76",""
"4219","The Valley - Ovelle","1211","EMAAR DEVELOPMENT P.J.S.C.","2026-02-13 00:00:00","2029-12-31 00:00:00","2025-11-18 18:46:41","Normal","370289914","9009221997653054","ACTIVE","2.36","2026-06-10 12:00:06","","Residential development consisting of 133 villas (G+2)
","Al Yufrah 1","Dubai Development Authority (DDA)","0","0","133","0",""
"4220","The Valley - Avelia","1211","EMAAR DEVELOPMENT P.J.S.C.","2026-03-16 00:00:00","2029-12-31 00:00:00","2025-11-18 18:48:51","Normal","394816194","9009221997653057","ACTIVE","0.27","2026-06-05 16:54:53","","Residential development consisting of 139 villas (G+2)
","Al Yufrah 1","Dubai Development Authority (DDA)","0","0","139","0",""
"4221","BARARIGATE by ADE","1551","A D E PROPERTIES L.L.C","2026-01-13 00:00:00","2028-12-31 00:00:00","2026-01-05 13:23:25","Normal","155000000","0205867429702","ACTIVE","0","2026-05-30 12:28:34","","Bararigate by ADE is a contemporary building located in Majan, featuring G+P+10F+R of Residential spaces offering a diverse range of living options including Studios, 1BHK, 2 BHK & 3 BHK residences, as well as retail shops at Ground Floor.","Wadi Al Safa 3","Dubai Development Authority (DDA)","0","0","0","282",""
"4224","THE TIDES BY AMIS","2334","AMIS AURUM REAL ESTATE DEVELOPMENT L.L.C","2026-04-30 00:00:00","2028-04-30 00:00:00","2025-11-24 10:51:18","Normal","58070145","200899789","ACTIVE","0","2025-11-11 18:52:51","","Residential Building (G+2P+8+R) with swimming pool & open seating area @ roof","Palm Deira","Trakhees","0","0","0","83",""
"4225","Creek Haven","1224","DUBAI CREEK HARBOUR L.L.C","2026-03-21 00:00:00","2030-03-31 00:00:00","2025-11-20 00:13:56","Normal","776338870","12750204830001","ACTIVE","0.87","2026-06-10 10:53:13","","The project is a multi-story residential building consisting of
Basement, ground floor with an attached nursery, 3 podium levels 
Tower(A) - 30 floors
Roof level
With Total Residential Units 274
","Al Khairan First","Dubai Development Authority (DDA)","0","0","0","594",""
"4227","Avarra by Palace","1211","EMAAR DEVELOPMENT P.J.S.C.","2026-05-15 00:00:00","2031-06-30 00:00:00","2025-11-20 00:18:53","Normal","1191652136","0205345068537","ACTIVE","0.08","2026-06-05 10:12:39","","Proposed Multi-storey Residential Development
(2B+G+10P+67+Roof)
Having 688 residential units
6 Retail units at Ground Floor
","Business Bay","Dubai Development Authority (DDA)","0","0","0","694",""
"4230","Azizi Noura","1002","AZIZI DEVELOPMENTS L.L.C","2026-07-04 00:00:00","2028-07-04 00:00:00","2026-07-15 13:46:44","Normal","79662000","011179849010","ACTIVE","0","2025-11-12 12:19:27","","3B + G + 3P + 8 + R
COMMERCIAL / RESIDENTIAL","Jabal Ali Industrial Second","","0","0","0","269",""
"4232","Azizi Gabriel","1002","AZIZI DEVELOPMENTS L.L.C","2026-07-04 00:00:00","2028-07-04 00:00:00","2026-07-22 14:00:18","Normal","74542000","011181998019","ACTIVE","0","2025-11-12 14:41:38","","4B + G + 3P + 8 + R
COMMERCIAL / RESIDENTIAL","Jabal Ali Industrial Second","Trakhees","0","0","0","234",""
"4233","Azizi Leily","1002","AZIZI DEVELOPMENTS L.L.C","2026-03-04 00:00:00","2028-09-30 00:00:00","2026-04-03 13:52:18","Normal","68932000","011180331014","ACTIVE","2","2026-03-17 17:12:05","","3B+G+4P+15+LR+UR+MR , RESIDENTIAL BUILDING","Al Jadaf","Dubai Development Authority (DDA)","0","0","0","272",""
"4235","Art House Hills by Adaan and Tuscany ","2530","ART HOUSE HILLS RESIDENCES DEVELOPMENT L.L.C","2026-02-01 00:00:00","2028-12-01 00:00:00","2026-01-13 13:51:46","Normal","180000000","0012511641002","ACTIVE","0.04","2026-06-08 12:35:09","","Proposed 2B+G+17F+Roof Residential cum Retail Building","Al Barshaa South Third","Dubai Development Authority (DDA)","0","0","0","656",""
"4236","ZYRA HILLS","2127","LARAIX DEVELOPERS L.L.C","2026-02-04 00:00:00","2028-03-30 00:00:00","2025-12-12 09:24:58","Normal","22452000","3718486175103","ACTIVE","0","2025-11-22 10:37:24","","Residential Building (B+G+7+R)","Warsan Fourth","Trakhees","0","0","0","81",""
"4237","Serro The Heights","1211","EMAAR DEVELOPMENT P.J.S.C.","2026-03-19 00:00:00","2030-03-31 00:00:00","2025-11-25 17:24:21","Normal","914304924","10653441830005","ACTIVE","0.5","2026-06-05 10:53:08","","Residential development consisting of 383 villas (G+2)
","Al Yelayiss 5","Dubai Municipality","0","0","383","0",""
"4238","Serro 2 The Heights","1211","EMAAR DEVELOPMENT P.J.S.C.","2026-04-18 00:00:00","2030-05-31 00:00:00","2025-11-27 16:25:54","Normal","981652581","9009221997653061","ACTIVE","0.5","2026-06-05 10:56:42","","Residential development consisting of 397 villas (G+2)
","Al Yelayiss 5","Dubai Municipality","0","0","397","0",""
"4239","MIA TOWER","1943","STAMN REAL ESTATE DEVELOPMENT L.L.C","2026-02-28 00:00:00","2028-02-29 00:00:00","","Normal","138055000","","PENDING","0","2026-01-27 10:26:13","","G+3P+20+R","Bukadra","","0","0","0","210",""
"4240","Salva The Heights","1211","EMAAR DEVELOPMENT P.J.S.C.","2026-05-18 00:00:00","2030-07-31 00:00:00","2025-11-26 14:25:05","Normal","1207731564","3538215410323","ACTIVE","0.5","2026-06-05 11:02:14","","Residential development consisting of 483 villas (G+2)
","Al Yelayiss 5","Dubai Municipality","0","0","483","0",""
"4242","CLOVER","2402","R3R LUXE REAL ESTATE DEVELOPMENT L.L.C","2026-03-31 00:00:00","2028-11-06 00:00:00","","Normal","61000000","0205949484303","PENDING","0","2025-11-18 16:08:15","","The project is a fully integrated residential building located in the Wadi Al Safa area of Dubai. It aims to provide modern, high-quality residential units that meet the needs of families and individuals. The project benefits from a strategic location with easy access to major roads and nearby services, ensuring convenient connectivity to key destinations across the city.","Wadi Al Safa 5","","0","0","0","176","Wadi Hills by HRE "
"4243","DAMAC ISLANDS 2 - BAHAMAS 1","2464","DAMAC PRIME DEVELOPMENT L.L.C","2026-05-02 00:00:00","2030-06-30 00:00:00","2025-11-27 09:15:49","Normal","231052610","4031227003608002","ACTIVE","0.33","2026-05-07 13:47:51","","Project consists of 544 Nos. of G+1, G+2 Townhouses and Villas located in  Al Yalayis 1, Dubai. The units are designed to have a concrete structure and block with internal and external finishes.","Al Yelayiss 1","Dubai Development Authority (DDA)","0","0","544","0",""
"4244","DAMAC ISLANDS 2 - BAHAMAS 2","2464","DAMAC PRIME DEVELOPMENT L.L.C","2026-05-02 00:00:00","2030-06-30 00:00:00","2025-11-27 09:17:07","Normal","270573473","4031227003608004","ACTIVE","0.33","2026-05-07 13:52:12","","Project consists of 666 Nos. of G+1, G+2 Townhouses and Villas located in
Al Yalayis 1, Dubai. The units are designed to have a concrete structure and block with internal and external finishes.
","Al Yelayiss 1","Dubai Development Authority (DDA)","0","0","666","0",""
"4246","EMPIRE GARDENS","2542","EMPIRE GARDENS REAL ESTATE DEVELOPMENT L.L.C","2026-04-25 00:00:00","2028-12-31 00:00:00","2026-02-02 12:52:40","Normal","65000000","0205955490402","ACTIVE","0.04","2026-06-20 13:00:12","","2B+G+13 RESIDENTIAL BUILDING 
","Wadi Al Safa 5","Dubai Development Authority (DDA)","0","0","0","221",""
"4248","OMYA RESIDENCES","1364","PANTHEON ELYSEE REAL ESTATE DEVELOPMENT L.L.C","2026-03-01 00:00:00","2028-06-30 00:00:00","2026-04-09 15:07:25","Normal","100500000","12107757920015","ACTIVE","0","2025-12-10 12:04:30","","B+G+2P+12+R","Jabal Ali First","Dubai Municipality","0","0","0","416","VOXA RESIDENCES"
"4251","Villa dell Arte","2289","AMBERTON RESIDENCES REAL ESTATE L.L.C","2026-03-25 00:00:00","2027-12-27 00:00:00","2026-01-08 15:08:16","Normal","51000000","012018986831","ACTIVE","0","2026-06-30 14:40:23","","Residential Building (G+2P+8+R)","Palm Deira","Trakhees","0","0","0","64",""
"4253","Haus of Tenet","2434","IRTH URBAN TWO DEVELOPMENT L.L.C","2026-03-01 00:00:00","2028-08-31 00:00:00","","Normal","250000000","","PENDING_COMING_SOON","20.62","2025-11-25 14:18:47","","G+3P+17+R","Business Bay","","","","","",""
"4254","Avion 100","2142","SKY VIEW DEVELOPMENT L.L.C","2026-01-31 00:00:00","2028-05-31 00:00:00","","Normal","42750000","","PENDING","0","2025-11-24 12:49:31","","G+4+R Residential ","Madinat Al Mataar","","0","0","0","100",""
"4255","Nad Al Sheba Gardens Phase 11","1762","NAS ESTATES L.L.C","2026-02-01 00:00:00","2029-07-01 00:00:00","2025-11-27 12:08:08","Normal","690000000","0205865423614","ACTIVE","0.06","2026-08-18 08:54:56","","Residential project with total number of 210 Townhouses & Villas (G+2) as follows:
	32 units - (Eight 4-Plex) Townhouse 3-Bedroom
	78 units - (Thirteen 6-Plex) Townhouse 3-Bedroom
	27 of 4-Bedroom Villa 
	73 of 5-Bedroom Villa 
","Nad Al Shiba First","Dubai Development Authority (DDA)","0","0","210","0",""
"4257","Verdana 10","1936","REPORTAGE PLUS A REAL ESTATE DEVELOPMENT L.L.C","2026-03-31 00:00:00","2029-03-31 00:00:00","2026-02-03 14:42:46","Normal","73658515","1010118931","ACTIVE","0","2026-06-09 18:32:45","","08 Blocks / 135 unit ?G+1,G+2+G+3 Villas?

+ 1 Gym & Swimming Pool","Dubai Investment Park First","Dubai Municipality","0","0","135","0",""
"4258","THE CAPE","1740","BARARI THREE REAL ESTATE DEVELOPMENT L.L.C","2026-01-15 00:00:00","2028-12-31 00:00:00","2026-01-29 00:00:00","Normal","260000000","0323632507002","ACTIVE","0.71","2026-06-25 15:25:10","","Residential building (2B+G+8+Roof) on Plot no. 645-3379 at Albarari, wadi al safa 3, Dubai-UAE ","Wadi Al Safa 3","Dubai Development Authority (DDA)","0","0","0","288",""
"4259","Artistry One Residences","972","SELECT GLOBAL DEVELOPMENT L.L.C","2026-02-09 00:00:00","2029-02-09 00:00:00","2026-01-20 14:50:17","Normal","313259000","0204977502032","ACTIVE","0","2025-12-29 13:04:51","","227 residential units + 5 retail units","Zaabeel Second","Dubai Development Authority (DDA)","0","0","0","232",""
"4261","Artistry Two Residences","972","SELECT GLOBAL DEVELOPMENT L.L.C","2026-02-09 00:00:00","2029-02-09 00:00:00","2026-01-20 14:46:55","Normal","315133000","0204977502034","ACTIVE","0","2025-12-16 14:28:21","","building contain 235 residential units","Zaabeel Second","Dubai Development Authority (DDA)","0","0","0","235",""
"4262","DAMAC ISLANDS 2 - TAHITI 1","2464","DAMAC PRIME DEVELOPMENT L.L.C","2026-05-02 00:00:00","2030-06-30 00:00:00","2025-12-15 09:46:23","Normal","136425758","019000092758","ACTIVE","0.32","2026-06-02 10:08:55","","Project consists of 306 Nos. of G+1& G+2 Townhouses and Villas located in                   Al Yelayis 1, Dubai. The units are designed to have a concrete structure and block with internal and external finishes.","Al Yelayiss 1","Dubai Development Authority (DDA)","0","0","306","0",""
"4263","DAMAC ISLANDS 2 - TAHITI 2","2464","DAMAC PRIME DEVELOPMENT L.L.C","2026-05-02 00:00:00","2030-06-30 00:00:00","2025-12-15 10:55:11","Normal","208445273","019000092760","ACTIVE","0.32","2026-06-02 10:11:54","","Project consists of 484 Nos. of G+1& G+2 Townhouses and Villas located in
Al Yelayiss 1, Dubai. The units are designed to have a concrete structure and block with internal and external finishes.
","Al Yelayiss 1","Dubai Development Authority (DDA)","0","0","484","0",""
"4268","Verdana Residence 10","1936","REPORTAGE PLUS A REAL ESTATE DEVELOPMENT L.L.C","2026-03-31 00:00:00","2029-03-31 00:00:00","2026-02-05 15:21:58","Normal","72147631","1010118915","ACTIVE","0","2026-07-08 09:20:48","","Residential Building 1B+2P+G+15+R","Dubai Investment Park First","Dubai Municipality","0","0","0","191",""
"4269","Mareva The Oasis","1211","EMAAR DEVELOPMENT P.J.S.C.","2026-03-22 00:00:00","2030-02-28 00:00:00","2025-12-08 10:42:18","Normal","1018977074","10653441830007","ACTIVE","2.05","2026-06-10 11:51:28","","Residential development consisting of 311 villas (B+G+2)
","Me'Aisem Second","Dubai Municipality","0","0","311","0",""
"4270","Mareva 2 The Oasis","1211","EMAAR DEVELOPMENT P.J.S.C.","2026-03-22 00:00:00","2030-02-28 00:00:00","2025-12-08 10:46:09","Normal","1094034876","3538215410324","ACTIVE","1.32","2026-07-01 10:46:33","","Residential development consisting of 347 villas (B+G+2)
","Me'Aisem Second","Dubai Municipality","1","0","346","0",""
"4273","AYAMI RESIDENCE, BY AYAT DEVELOPMENT","2182","AYAT REAL ESTATE DEVELOPMENT L.L.C","2026-04-01 00:00:00","2028-12-31 00:00:00","2026-04-09 12:04:03","Normal","125000000","0205915812404","ACTIVE","0.1","2026-06-16 10:21:56","","(G+1P+6F+R) Residential Building","Al Warsan First","Dubai Development Authority (DDA)","0","0","0","376",""
"4274","City Walk Crestlane 5","1109","CITYWALK RESIDENTIAL 1 L.L.C","2026-02-25 00:00:00","2030-04-25 00:00:00","2025-12-10 12:03:58","Normal","328912708","10502351920030","ACTIVE","0.01","2026-06-10 08:50:39","","The project is a standard residential apartment development located at Citywalk. It introduces one level shared basement and ground with 2 retails directly accessed from the building facade adjoining the main lobby.
Building A: 2B+G+12+R: comprising 81 units, and
Building B: 2B+G+11+R: comprising 78 units each. In total, the residences include 159 apartments, which offer a mix of unit types: 1-bedroom, 2-bedroom, 3-bedroom, 4-bedroom and duplex apartments.
","Al Wasl","Dubai Development Authority (DDA)","0","0","0","161",""
"4275","Art House Private Residences By Viva","2158","VIVA REAL ESTATE DEVELOPMENT L.L.C","2026-02-15 00:00:00","2028-02-15 00:00:00","2026-01-13 09:51:10","Normal","39000000","01434279265","ACTIVE","0","2026-06-16 19:22:12","","B+G+4+R","Wadi Al Safa 3","Dubai Municipality","0","0","0","121",""
"4276","LIORA","1935","JAIEDCO REAL ESTATE DEVELOPMENT L.L.C","2026-04-01 00:00:00","2028-01-01 00:00:00","2025-12-25 12:07:38","Normal","40000000","80260600002018","ACTIVE","0","2026-06-11 13:39:59","","G+2P+8+R","Palm Deira","Trakhees","0","0","0","56",""
"4277","Valoria The Oasis","1211","EMAAR DEVELOPMENT P.J.S.C.","2026-01-22 00:00:00","2029-12-31 00:00:00","2025-12-19 10:43:17","Normal","1345996005","9009221997653064","ACTIVE","1.12","2026-07-01 11:09:55","","Residential development consisting of 257 villas (B+G+2)
","Me'Aisem Second","Dubai Municipality","0","0","257","0",""
"4280","Palace Residences Hillside B","984","DUBAI HILLS ESTATE L.L.C","2026-02-03 00:00:00","2029-10-31 00:00:00","2025-12-15 16:29:52","Normal","305070300","9009223791259021","ACTIVE","0","2025-12-08 16:53:35","","Bassment + Ground Floor + Podum + 1Residential Building + 5Townhouses G+ 1
Tower: B + G + P + 18 floors, 282 Residential Units
Townhouses: 5 Residential Units
","Hadaeq Sheikh Mohammed Bin Rashid","Dubai Development Authority (DDA)","0","0","0","287",""
"4281","SERENIA DISTRICT - EAST","1068","PALMA HOMES REAL ESTATE DEVELOPMENT L.L.C","2026-01-02 00:00:00","2030-06-30 00:00:00","2026-01-27 09:27:51","Normal","1515000000","0012004307011","ACTIVE","1.12","2026-06-17 14:28:24","","Residential with Retail (Shared B+G+3P+1st Floor including entertainment + (T2 & T6 (25 Residential FL) & T3 & T5 (23 Residential FL) & T2 & T4 20 Residential FL) +R +UR)","Al Thanyah Fifth","Trakhees","0","0","0","813",""
"4282","SKYON","2450","CALGARY AVENUE SOUTH REAL ESTATE DEVELOPMENT L.L.C","2026-04-01 00:00:00","2028-04-30 00:00:00","","Normal","26224800","","PENDING","0","2026-01-16 17:40:37","","Proposed G+4+R Residential Building","Madinat Al Mataar","","0","0","0","52",""
"4285","Reef 995","1944","REEF LUXURY DEVELOPMENT L.L.C","2026-02-01 00:00:00","2028-11-30 00:00:00","","Normal","80000000","1001226141046013","PENDING","0","2025-12-09 16:38:21","","2B+G+3P+17 Residential Building
Consist of Studio with Balcony =88Rooms, 1 Bedroom with Balcony =191 Rooms, 2 Bedroom with Balcony =47 Rooms + 3 Bedroom with Balcony = 8 Rooms
Total of 334 Rooms
","Wadi Al Safa 5","","0","0","0","347",""
"4286","City Walk Crestlane 4","1109","CITYWALK RESIDENTIAL 1 L.L.C","2026-02-25 00:00:00","2030-04-25 00:00:00","2025-12-23 13:10:29","Normal","408641023","4031227018211002","ACTIVE","0.01","2026-06-10 08:48:27","","The project is a standard residential apartment development located at City walk. It introduces one level shared basement and ground with 3 retails directly accessed from the building facade adjoining the main lobby.
Building A: B+G+12+R: comprising 110 units, and
Building B: B+G+10+R: comprising 91 units each. In total, the residences include 201 apartments, which offer a mix of unit types: 1-bedroom, 2-bedroom, 3-bedroom, 4-bedroom and duplex apartments.
","Al Wasl","Dubai Development Authority (DDA)","0","0","0","204",""
"4287","Fior 1","1275","MINA RASHID PROPERTIES L.L.C","2026-06-15 00:00:00","2030-07-31 00:00:00","2025-12-16 00:00:00","Normal","220293590","12750345830011","ACTIVE","0","2025-12-10 10:41:29","","Residential and Retail Building (B+G+1P+14 Floors)
181 Residential units and 3 retails
","Madinat Dubai Almelaheyah","Trakhees","0","0","0","184",""
"4290","Nuve By Zoya","1816","ZOYA ONE REAL ESTATE DEVELOPMENTS L.L.C","2026-04-15 00:00:00","2028-06-30 00:00:00","2026-02-15 12:41:48","Normal","35108000","0205927342804","ACTIVE","0.79","2026-07-13 19:45:24","","B+G+2P+13+R","Wadi Al Safa 5","Dubai Development Authority (DDA)","0","0","0","234",""
"4291","DAMAC ISLANDS 2 - BERMUDA","2464","DAMAC PRIME DEVELOPMENT L.L.C","2026-05-02 00:00:00","2030-06-30 00:00:00","2025-12-25 09:41:41","Normal","199657255","4031227003608006","ACTIVE","0.22","2026-06-11 13:19:04","","Project consists of 469 Nos. of G+1& G+2 Townhouses and Villas located in                   Al Yelayis 1, Dubai. The units are designed to have a concrete structure and block with internal and external finishes.","Al Yelayiss 1","Dubai Development Authority (DDA)","0","0","469","0",""
"4292","DAMAC ISLANDS 2 - CUBA","2464","DAMAC PRIME DEVELOPMENT L.L.C","2026-05-02 00:00:00","2030-06-30 00:00:00","2025-12-23 09:53:43","Normal","225678512","019000092764","ACTIVE","0.18","2026-06-11 13:17:21","","Project consists of 544 Nos. of G+1& G+2 Townhouses and Villas located in
Al Yelayis 1, Dubai. The units are designed to have a concrete structure and block with internal and external finishes.","Al Yelayiss 1","Dubai Development Authority (DDA)","0","0","544","0",""
"4293","AVENEW888-LOOM","1511","AVENEW REAL ESTATE DEVELOPMENT L.L.C","2026-04-15 00:00:00","2028-03-31 00:00:00","2026-01-06 14:08:23","Normal","355300000","001582228276401","ACTIVE","0.04","2026-07-02 10:53:56","","B+G+P+11+R Commercial & Residential 5 Buildings Composed Of 640 Residential Units:
-	22 Commercial Shops
-	308 1 BHK
-	276 2 BHK with 22 Units Duplex
-	56 3BHK With 27 Units Duplex   ","Madinat Al Mataar","Dubai South","0","0","0","661",""
"4294","DAMAC ISLANDS 2 - BARBADOS 1","2464","DAMAC PRIME DEVELOPMENT L.L.C","2026-05-02 00:00:00","2030-06-30 00:00:00","2025-12-22 15:57:22","Normal","161613980","019000092766","ACTIVE","0.18","2026-06-11 13:11:33","","Project consists of 382 Nos. of G+1& G+2 Townhouses and Twin Villas located in
Al Yelayis 1, Dubai. The units are designed to have a concrete structure and block with internal and external finishes.","Al Yelayiss 1","Dubai Development Authority (DDA)","0","0","382","0",""
"4295","DAMAC ISLANDS 2 - BARBADOS 2 ","2464","DAMAC PRIME DEVELOPMENT L.L.C","2026-05-02 00:00:00","2030-06-30 00:00:00","2025-12-22 15:55:23","Normal","154667631","019000092768","ACTIVE","0.18","2026-06-11 13:15:32","","يتكون المشروع من 382 تاون هاوسز وفلل مزدوجة مكونة من  G+1و G+2 ، وتقع في منطقة اليلايس 1، دبي. تم تصميم الوحدات لتكون بهيكل خرساني وجدران بلوك مع تشطيبات داخلية وخارجية.","Al Yelayiss 1","Dubai Development Authority (DDA)","0","0","362","0",""
"4296","DAMAC ISLANDS 2 - MAUI","2464","DAMAC PRIME DEVELOPMENT L.L.C","2026-05-02 00:00:00","2030-06-30 00:00:00","2025-12-29 08:54:23","Normal","191717132","4031227003608008","ACTIVE","0.18","2026-06-11 13:20:47","","Project consists of 434 Nos. of G+1& G+2 Townhouses and Twin Villas located in
Al Yelayis 1, Dubai. The units are designed to have a concrete structure and block with internal and external finishes.
","Al Yelayiss 1","Dubai Development Authority (DDA)","0","0","434","0",""
"4299","Binghatti Luxuria","1051","Binghatti Developers FZE","2026-01-01 00:00:00","2027-07-30 00:00:00","2026-01-08 15:00:02","Normal","162000000","019500000880","ACTIVE","0","2025-12-15 16:28:29","","3B + G + 4P + 24 RESIDENTIAL FLOORS + 1MECH. + ROOF","Al Barsha South Fifth","Trakhees","0","0","0","469",""
"4300","WINDSOR HOUSE II","1117","ELLINGTON PROPERTIES DEVELOPMENT L.L.C","2026-02-12 00:00:00","2029-07-31 00:00:00","2026-02-16 11:24:28","Normal","318873250","019000093750","ACTIVE","0","2025-12-15 12:23:39","","B+LG+UG+10 Floors with 2 Buildings (Tower A & Tower B)","Madinat Al Mataar","Dubai South","0","0","0","424",""
"4302","Barari Parks By Bahat","2017","BAHAT REAL ESTATE DEVELOPMENT L.L.C","2026-01-15 00:00:00","2028-03-31 00:00:00","2026-02-04 12:54:31","Normal","30000000","0205897563805","ACTIVE","0.9","2026-06-16 14:40:15","","A building of 2B+G+6+R includes 47 units of Apartments and 6 retail shops with several amenities. ","Wadi Al Safa 3","Dubai Development Authority (DDA)","0","0","0","52",""
"4303","Binghatti Etherea","1051","Binghatti Developers FZE","2026-01-01 00:00:00","2027-12-31 00:00:00","2026-01-27 13:45:39","Normal","115000000","019500000878","ACTIVE","0","2025-12-15 16:24:24","","B + G + 4P + 18 RESIDENTIAL FLOORS + MECH. + ROOF","Al Barsha South Fourth","Trakhees","0","0","0","287",""
"4304","Golf Terrace Residences By ASAK","1888","ASAK REAL ESTATE DEVELOPMENT L.L.C","2026-01-02 00:00:00","2027-10-02 00:00:00","2025-12-31 10:46:54","Normal","33000000","1010106928","ACTIVE","5.07","2026-04-09 17:10:46","","G+2P+7F+R","Me'Aisem First","Dubai Development Authority (DDA)","0","0","0","105",""
"4306","Seacliff by Imtiaz","2259","IMTIAZ LUXURY REAL ESTATE DEVELOPMENT L.L.C","2026-02-15 00:00:00","2028-08-15 00:00:00","2026-02-25 08:48:18","Normal","135755200","200927479","ACTIVE","4.71","2026-07-14 08:07:05",""," G+2P+14+RF - Residential Building","Palm Deira","Trakhees","0","0","0","179",""
"4307","Babylon Tower","1191","HERITAGE REAL ESTATE DEVELOPMENT L.L.C","2026-01-10 00:00:00","2027-12-31 00:00:00","","Normal","70300000","","PENDING","","","","Basement+Ground+14 floor+roof","Al Thanyah First","","1","0","0","0",""
"4313","Nirvana Residences - I","1230","MERAKI REAL ESTATE DEVELOPMENT L.L.C  ","2026-03-01 00:00:00","2028-12-31 00:00:00","2026-02-26 15:03:43","Normal","150000000","001582237449601","ACTIVE","0.04","2026-07-28 09:12:12","","Project Description: 2B+G+2P+16+R Residential","Me'Aisem First","Dubai Development Authority (DDA)","0","0","0","326",""
"4314","Rabdan Gardens","2568","RABDAN GARDENS REAL ESTATE DEVELOPMENTS L.L.C","2026-03-01 00:00:00","2028-03-01 00:00:00","2026-02-04 11:37:35","Normal","58000000","001582228849501","ACTIVE","0.02","2026-06-10 19:16:46","","G+2P+8
88 Residential units
2 Retails","Al Satwa","Dubai Development Authority (DDA)","0","0","0","90",""
"4315","Nine Collective","1203","PARK 1 L.L.C","2026-07-26 00:00:00","2030-04-28 00:00:00","2026-02-19 10:23:54","Normal","662883900","0205256122113","ACTIVE","0","2026-07-02 11:45:11","","Commercial/Residential building with 3B+G+44 Floors+R","Al Kifaf","Dubai Municipality","0","0","0","218",""
"4316","Casa Altia","2533","CASA MAGNUM REAL ESTATE DEVELOPMENT L.L.C","2026-01-01 00:00:00","2028-06-30 00:00:00","2026-02-12 14:59:32","Normal","42000000","019500000872","ACTIVE","0","2025-12-24 13:50:04","","B+G+2P+12 Residential Building","Jabal Ali First","","0","0","0","77",""
"4318","Tura Residence","2431","NAMAT REAL ESTATE DEVELOPMENT L.L.C","2026-04-30 00:00:00","2029-04-30 00:00:00","2026-02-23 14:03:39","Normal","23285975","0205949525104","ACTIVE","0.66","2026-07-08 16:59:10","","G + 5 Building","Nad Al Shiba First","Dubai Municipality","0","0","0","23",""
"4319","Project Maybach","1051","Binghatti Developers FZE","2026-01-14 00:00:00","2027-06-30 00:00:00","2026-01-08 16:13:44","Normal","480000000","001582229468301","ACTIVE","0","2025-12-25 16:41:44","","B + G + Mezz. + 5P + 24RESIDENTIAL FLOORS + MECH. + ROOF","Nad Al Shiba First","Dubai Municipality","0","0","0","831",""
"4320","Maybach Ultimate Luxury ","1051","Binghatti Developers FZE","2026-01-14 00:00:00","2027-08-31 00:00:00","2026-01-14 14:07:14","Normal","700000000","001582230478601","ACTIVE","0","2025-12-25 16:48:00","","B + G + Mezz. + 5P + 19 RES.Floors(Tower A) + 25 Res.Floors (Tower B) + 1MECH. + ROOF","Nad Al Shiba First","Dubai Municipality","0","0","0","1233",""
"4321","Maybach Six","1051","Binghatti Developers FZE","2026-01-14 00:00:00","2027-08-31 00:00:00","2026-01-14 12:07:34","Normal","900000000","001582230478501","ACTIVE","0","2025-12-25 16:50:06","","B + G + Mezz. + 5P + 30 RES.Floors(Tower A) + 34 Res.Floors (Tower B) + 2MECH. + ROOF","Nad Al Shiba First","Dubai Municipality","0","0","0","1878",""
"4322","Park Residency ","2467","PARK RESIDENCY REAL ESTATE DEVELOPMENT L.L.C","2026-07-20 00:00:00","2029-07-20 00:00:00","2026-02-17 15:06:49","Normal","25000000","200930376","ACTIVE","0","2026-01-07 18:53:38","","Residential Building(B+G+6) ","Warsan Fourth","","0","0","0","98",""
"4325","At 85 Residences","1954","SCOPE PROPERTIES DUBAI BRANCH","2026-01-15 00:00:00","2028-03-15 00:00:00","2026-02-11 08:52:18","Normal","234000000","011180340013","ACTIVE","0","2025-12-30 11:58:24","","G+P+6","Jabal Ali First","","0","0","0","261",""
"4326","Cedarwood Estates","2249","JGE REAL ESTATE L.L.C","2026-02-28 00:00:00","2028-10-04 00:00:00","2026-01-23 12:00:08","Normal","917488094","0205915786606","ACTIVE","0","2026-01-02 09:10:25","","G+1+R villas","Me'Aisem First","Trakhees","0","0","121","0",""
"4327","Binghatti Skyterraces","1051","Binghatti Developers FZE","2026-01-01 00:00:00","2027-10-31 00:00:00","2026-02-03 11:30:17","Normal","720000000","001582233255201","ACTIVE","0","2026-01-01 18:32:29","","2B + G + 6P + 40 RESIDENTIAL FLOORS + 2MECH. + ROOF","Al Hebiah First","","0","0","0","1587",""
"4328","Sobha Central ","966","SOBHA L.L.C","2026-03-31 00:00:00","2031-12-31 00:00:00","2026-03-16 21:43:50","Normal","2315467680","001640240091301","ACTIVE","0","2026-01-13 12:26:28","","Proposed Residential, Offices and Commercial Development consist of 2 Towers with shopping centre, 
Building 5: 4 Basement + Ground + 99 Floors + Roof  
Building 6: 4 Basement + Ground + 65 floors  + Roof ","Jabal Ali First","Dubai Municipality","0","0","0","2169",""
"4329","Palace by the Beach","1211","EMAAR DEVELOPMENT P.J.S.C.","2026-05-25 00:00:00","2031-11-30 00:00:00","2026-01-29 10:43:16","Normal","1368582386","10653441830009","ACTIVE","0","2026-01-07 14:47:37","","The project is composed of B+G+7 Podiums+ (2) Towers
The Project accommodates total of 861 units:
East Tower Residential units (41 Typical Floor + Roof) 368 Units
West Tower Residential units (58 Typical Floor + Roof) 490 Units
3 Commercial Units.
","Marsa Dubai","Dubai Development Authority (DDA)","0","0","0","861",""
"4330","OXFORD COVE","1178","IMAN DEVELOPERS L.L.C","2026-05-10 00:00:00","2029-03-30 00:00:00","2026-05-08 16:06:45","Normal","71500001","001640247525201","ACTIVE","0","2026-02-04 17:11:02","","B + G + 1P + 5F + R","Al Barsha South Fourth","Trakhees","0","0","0","465",""
"4331","Linea by Holm","2428","HOLM AVENUE REAL ESTATE DEVELOPMENT L.L.C","2026-02-01 00:00:00","2028-06-15 00:00:00","2026-01-30 11:28:45","Normal","67980000","0205933054508","ACTIVE","0.69","2026-07-12 00:41:16","","G+2P+8FLRS+ R ( Residential )","Al Satwa","Dubai Development Authority (DDA)","0","0","0","210",""
"4333","The Key","2191","HOMEDGE REAL ESTATE DEVELOPMENT L.L.C","2026-05-01 00:00:00","2029-01-01 00:00:00","","Normal","23200000","","PENDING","0","2026-01-06 14:15:22","","G+2P+8+ROOF","Al Satwa","","0","0","0","54",""
"4334","Axilla","2191","HOMEDGE REAL ESTATE DEVELOPMENT L.L.C","2026-03-20 00:00:00","2028-03-20 00:00:00","","Normal","23200000","","PENDING","0","2026-01-06 14:14:44","","G+2P+8+ROOF","Al Satwa","","0","0","0","54",""
"4335","The Hudson","2502","CRYSTAL PRIME REAL ESTATE DEVELOPMENT L.L.C","2026-06-15 00:00:00","2029-02-14 00:00:00","2026-06-08 14:03:24","Normal","28500000","0205945602403","ACTIVE","0","2026-01-16 18:40:10","","Residential Building [G+1P+5+R] with Swimming Pool and Gym at First floor ","Al Barsha South Fourth","Trakhees","0","0","0","96",""
"4336","ENRE RESIDENCE BY IMTIAZ","2579","IMTIAZ SOUTH REAL ESTATE DEVELOPMENT L.L.C","2026-02-15 00:00:00","2028-08-15 00:00:00","2026-03-02 12:30:35","Normal","101461500","200927493","ACTIVE","14.63","2026-07-27 12:31:51","","B+G+9 - RESIDENTIAL BUILDING","Madinat Al Mataar","Dubai South","0","0","0","170",""
"4337","OAKMONT","1162","NSHAMA PROPERTIES OWNED BY NSHMI DEVELOPMENT ONE PERSON COMPANY L.L.C","2026-07-20 00:00:00","2029-04-30 00:00:00","2026-02-10 10:21:38","Normal","213160843","4031224702173108","ACTIVE","0","2026-01-19 17:54:07","","G+1P+14+Parking in GF & podium 1 floor","Al Yelayiss 2","Dubai Development Authority (DDA)","0","0","0","281",""
"4338","Serenz by Danube","1009","DANUBE PROPERTIES DEVELOPMENT L.L.C","2026-05-01 00:00:00","2029-12-31 00:00:00","2026-02-06 10:25:10","Normal","650000000","1010131421","ACTIVE","0.08","2026-07-10 14:18:41","","Proposed Mixed Use Building on Plot No.: 6817800 (JVC18TCP013) at Al Barsha South 
Fourth, Dubai Shared GF&4P Tower A (G+4P+21F+R, Tower B G+4P+44F+R) With Retails","Al Barsha South Fourth","Trakhees","0","0","0","1227",""
"4340","ZEN LAGOONS","2302","ZENNOVA REALTY REAL ESTATE DEVELOPMENT L.L.C","2026-03-31 00:00:00","2029-06-30 00:00:00","2026-06-08 11:40:20","Normal","140000000","01434279281","ACTIVE","0","2026-02-02 17:55:40","","Ground Floor+4 Parking+19Floors+Roof (Commercial & Residential)","Bukadra","Dubai Municipality","0","0","0","177",""
"4341","Nami Island Project","2325","NAMI ISLAND DEVELOPMENT L.L.C","2026-01-12 00:00:00","2029-01-12 00:00:00","","Normal","400000000","","PENDING","","","","Project Description (English)
Nami Island is a mid-density, waterfront residential development designed for regulated real-estate structuring, including escrow and related compliance requirements under Dubai Land Department (DLD). The project comprises a finite collection of island-based villas supported by shared infrastructure and a central clubhouse facility.

The development includes the following villa classifications:

Water Villas ? 4-bedroom residences located along the internal waterfront perimeter of the island.

Beach Villas ? 5-bedroom residences positioned adjacent to shoreline zones within the island boundary.

Mansion (Maison) Villas ? 6-bedroom, multi-level residences designed with larger built-up communal areas.

Ancillary components forming part of the overall master plan include: buggy parking, service rooms, MEP zones, a diesel generator and fuel storage, sewerage treatment plant, hydrant and water tank systems, a helipad, marina setback, and designated enhanced view corridors as indicated in the project layout. The project is structured as a controlled residential build within defined plot limits, for documentation and escrow administration purposes.","World Islands","","1","0","0","0",""
"4342","The Lyceum","2310","RETHINK VIRERA REAL ESTATE DEVELOPMENT L.L.C","2026-04-01 00:00:00","2028-10-01 00:00:00","","Normal","102371436","","CANCELLED","0","2026-01-13 16:57:11","","G+4P+17+R","Al Barsha South Fifth","","","","","",""
"4344","Isla Residences by Chaimaa Holding","1166","DEVAL REAL ESTATE DEVELOPMENT L.L.C","2026-04-01 00:00:00","2028-03-31 00:00:00","","Normal","38021760","","PENDING","0","2026-01-15 17:28:25","","Residential / Commercial Building G + 2P + 12 Floors","Palm Deira","","0","0","0","76",""
"4345","Treppan Living Prive","1415","FAKHRUDDIN PROPERTIES DEVELOPMENT L.L.C","2026-07-01 00:00:00","2028-12-15 00:00:00","2026-02-04 11:14:14","Normal","64501474","0205803134520","ACTIVE","0","2026-07-30 16:42:45","","G+2P+12+R Residential Building","Palm Deira","Trakhees","0","0","0","65",""
"4346","THE MERIVA COLLECTION","2423","CRESTARC DEVELOPERS L.L.C","2026-04-03 00:00:00","2031-12-31 00:00:00","2026-04-15 13:32:18","Normal","1100000000","0012514469002","ACTIVE","0","2026-02-19 13:24:45","","(B+G+20 High Rise Residence) + 2X (B+G+10 Mid Rise Residence) + 2X (B+G+6
Residence) + (B+G+2 Residence) + (B+G+5 Hotel) + Supporting Amenities","Palm Deira","Trakhees","0","0","0","939",""
"4349","DAMAC RIVERLINK","1866","DAMAC MRY INVESTMENT L.L.C","2026-07-13 00:00:00","2029-03-31 00:00:00","2026-02-23 12:58:51","Normal","47216900","14441423920001","ACTIVE","0.39","2026-08-12 14:26:15","","Project consists of B+G+3P+6+R commercial building located in Dubai Investment Park Second, Dubai. The building is designed to have a concrete structure and block with external finishes and shell & core interior finishes.","Dubai Investment Park Second","Dubai Municipality","0","0","0","38",""
"4350","South Lofts by Premier Choice","1397","P C I REAL ESTATE DEVELOPERS L.L.C","2026-01-15 00:00:00","2029-01-30 00:00:00","2026-03-26 09:49:01","Normal","22000000","0205959438202","ACTIVE","0.04","2026-06-29 09:49:50","","G + P + P. High Level + 6 + R","Saih Shuaib 2","Dubai Development Authority (DDA)","0","0","0","149",""
"4351","DELLA X","2481","DELLA LUXURY DEVELOPER L.L.C","2026-02-01 00:00:00","2028-12-25 00:00:00","","Normal","210000000","","PENDING","0","2026-03-14 11:43:47","","DELLA X LUXURY PROJECT IN PALM","Palm Jumeirah","","0","0","0","153",""
"4352","Nad Al Sheba Gardens Phase 12","1762","NAS ESTATES L.L.C","2026-03-01 00:00:00","2029-08-01 00:00:00","2026-03-11 12:12:54","Normal","690000000","0205865423616","ACTIVE","0","2026-01-20 11:09:59","","Residential project with total number of 97 (G+2) villas as follows: 

- 55 of 4 Bedroom Villas
- 42 of 5 Bedroom Vllas 
","Nad Al Shiba First","Dubai Development Authority (DDA)","0","0","97","0",""
"4353","STORIES BY MIRFA","2511","MIRFA HARMONY REAL ESTATE DEVELOPMENT L.L.C","2026-03-01 00:00:00","2028-03-31 00:00:00","2026-03-18 12:14:39","Normal","38100000","0205946210003","ACTIVE","0","2026-01-16 17:32:30","","Basement+Ground+6Floor+ROOF","Madinat Al Mataar","Dubai South","0","0","0","100",""
"4354","Arja Vista Residences","1871","JANUSS REAL ESTATE DEVELOPERS L.L.C","2026-05-01 00:00:00","2028-11-01 00:00:00","","Normal","23000000","","PENDING","0","2026-01-23 18:54:06","","G+4+R Residential Building","Madinat Al Mataar","","1","0","0","0",""
"4355","FOREST CITY TOWER 3","1124","AL HELAL AL ZAHABY REAL ESTATE DEVELOPMENT L.L.C","2026-04-01 00:00:00","2032-04-01 00:00:00","","Normal","200000000","","PENDING","","","","Residential Building (2 Basement + G + 1P + 9 Floors)  ","Madinat Al Mataar","","0","0","0","642",""
"4356","HQA By Arista","2516","ARISTA ONE REAL ESTATE DEVELOPMENT L.L.C","2026-03-15 00:00:00","2028-06-30 00:00:00","2026-02-10 14:06:05","Normal","55000000","3718514835103","ACTIVE","0.04","2026-07-29 10:30:50","","3B+G+7+R","Jabal Ali First","Trakhees","0","0","0","52",""
"4357","ZURA RESIDENCES","2237","ALYAKKA DEVELOPERS L.L.C","2026-05-01 00:00:00","2029-03-31 00:00:00","2026-04-09 11:51:57","Normal","195000000","0205919973006","ACTIVE","0","2026-01-19 17:39:45","","Residential Building G+2P+11+Roof","Madinat Al Mataar","Dubai South","0","0","0","321",""
"4358","Tulip Oasis 11 Tower 2","2107","A M E REAL ESTATE DEVELOPMENT L.L.C","2026-02-01 00:00:00","2028-09-30 00:00:00","","Normal","75000000","","PENDING","0","2026-01-22 13:03:14","","G + P + 10","Wadi Al Safa 3","","1","0","0","0",""
"4360","CHAVELLE BY IMTIAZ","1641","IMTIAZ GHD REAL ESTATE DEVELOPMENT L.L.C","2026-03-15 00:00:00","2029-03-15 00:00:00","2026-03-02 12:31:01","Normal","118134359","1001225996258016","ACTIVE","0","2026-01-20 11:53:32","","G+4P+20 Retail and Residential Building","Bukadra","","0","0","0","145",""
"4363","Darah Residence","2597","DARAH SOUTH REAL ESTATE DEVELOPMENT L.L.C","2026-05-30 00:00:00","2029-05-30 00:00:00","","Normal","27300000","","PENDING","","","","G+4+R","Madinat Al Mataar","","1","0","0","0",""
"4365","Listone Residence","2535","LION STONE PROPERTIES L.L.C","2026-04-01 00:00:00","2027-08-31 00:00:00","2026-06-11 14:02:35","Normal","98500000","19612505","ACTIVE","0","2026-01-21 18:01:22","","Residential Building (G+2 podium +6 Floors +R )","Al Warsan First","Dubai Development Authority (DDA)","0","0","0","312",""
"4367","Terra Woods","1237","DWTC EMAAR L.L.C","2026-05-30 00:00:00","2030-03-31 00:00:00","2026-02-05 09:12:19","Normal","803253795","001640233841401","ACTIVE","0","2026-01-23 15:43:04","","The project consists of 3 buildings ? B+G+12
with a shared basement and a shared ground
floor, in addition to a roof for each building,
along with 6 townhouses. The project includes
a total of 824 residential units.
","Madinat Al Mataar","Dubai Municipality","0","0","0","824",""
"4369","DAMAC ISLANDS 2 - ANTIGUA 1","2464","DAMAC PRIME DEVELOPMENT L.L.C","2026-07-15 00:00:00","2030-12-31 00:00:00","2026-03-25 14:04:26","Normal","202053431","019000094112","ACTIVE","0","2026-01-26 15:13:38","","Project consists of 468 Nos. of G+1& G+2 Townhouses and Villas located in Al Yelayis 1, Dubai. The units are designed to have a concrete structure and block with internal and external finishes.","Al Yelayiss 1","Dubai Development Authority (DDA)","0","0","468","0",""
"4371","Coventry Curve","2053","G F S REAL ESTATE L.L.C","2026-03-01 00:00:00","2028-06-15 00:00:00","2026-04-13 09:24:38","Normal","53000000","19596391","ACTIVE","0","2026-02-04 18:49:05","","1B+G+5F+R","Saih Shuaib 2","Dubai Development Authority (DDA)","0","0","0","246",""
"4372","MARQUIS HORIZON","1546","MARQUIS HOME DEVELOPER L.L.C","2026-07-01 00:00:00","2028-09-05 00:00:00","2026-04-01 10:06:51","Normal","79000000","012325822234","ACTIVE","0","2026-02-13 10:44:16","","B+G+10+R Residential Building","Madinat Al Mataar","Dubai South","0","0","0","174",""
"4373","The Valley - Alva","1211","EMAAR DEVELOPMENT P.J.S.C.","2026-03-31 00:00:00","2030-03-31 00:00:00","2026-02-12 11:57:37","Normal","293328000","001640234355801","ACTIVE","0","2026-01-28 12:17:19","","Residential development consisting of 196 townhouse units (G+1)
","Al Yufrah 1","Dubai Development Authority (DDA)","0","0","196","0",""
"4374","The Valley - Alva 2","1211","EMAAR DEVELOPMENT P.J.S.C.","2026-04-15 00:00:00","2030-02-28 00:00:00","2026-02-12 11:56:11","Normal","258102400","001640234356001","ACTIVE","0","2026-01-28 12:20:17","","Residential development consisting of 176 townhouse units (G+1)
","Al Yufrah 1","Dubai Development Authority (DDA)","0","0","176","0",""
"4375","The Valley - Alva 3 ","1211","EMAAR DEVELOPMENT P.J.S.C.","2026-04-25 00:00:00","2030-01-31 00:00:00","2026-02-12 12:02:13","Normal","233354240","001640234358001","ACTIVE","0","2026-01-28 12:22:44","","Residential development consisting of 156 townhouse units (G+1)
","Al Yufrah 1","Dubai Development Authority (DDA)","0","0","156","0",""
"4376","Zazen Acacia Residences","1311","ZAZEN PROPERTY DEVELOPMENT L.L.C","2026-05-01 00:00:00","2027-11-30 00:00:00","2026-03-31 09:57:39","Normal","27000000","1001222041216015","ACTIVE","0","2026-02-24 16:24:05","","RC-74 G+4+R RESIDENTIAL BUILDING","Madinat Al Mataar","Dubai South","0","0","0","48",""
"4377"," The Wilds Residences","1656","AURORA SPV 2 L.L.C","2026-06-01 00:00:00","2030-06-30 00:00:00","2026-03-09 13:22:33","Normal","885668319","4031225788867011","ACTIVE","0","2026-01-30 10:21:00","","Project Discerption

The Wilds Residences is a Multifamily Residential Project located one plots, consists of:

The Wilds Residences 1 with a total of 87 units and (G+10+R) height
The Wilds Residences 2 with a total of 109 units and (G+12+R) height
The Wilds Residences 3 with a total of 174 units and (G+15+R) height
The Wilds Residences 4 with a total of 17 4 units and (G+15+R) height
The Wilds Residences 5 with a total of 109 units and (G+12+R) height
The Wilds Residences 6 with a total of 87 units and (G+10+R) height
","Wadi Al Safa 3","Dubai Development Authority (DDA)","0","0","0","747",""
"4379","PIAZZA ROMA","921","ISLAND OASIS PROPERTIES","2026-07-30 00:00:00","2030-06-30 00:00:00","2026-02-23 12:59:16","Normal","352943240","498067920012","ACTIVE","0.2","2026-08-12 13:39:01","","Project consists of two tower of B+G+2F RETAIL + 7F OFFICE TOWER A & B +R FLOORS. it is designed to have concrete structure and block with internal and external finishes.","Al Hebiah Fifth","Dubai Development Authority (DDA)","0","0","0","336",""
"4380","The Gyld","2191","HOMEDGE REAL ESTATE DEVELOPMENT L.L.C","2026-05-20 00:00:00","2028-09-20 00:00:00","","Normal","51364724","","PENDING","","","","G+2P+8+Roof","Al Satwa","","1","0","0","0",""
"4381","SORRENTO","921","ISLAND OASIS PROPERTIES","2026-07-15 00:00:00","2030-01-31 00:00:00","2026-03-09 09:30:26","Normal","160555510","498067920014","ACTIVE","0","2026-02-02 10:27:08","","Project consists of 4 Residential towers of G+1P+7+R floors. it is designed to have concrete structure and block with internal and external finishes.","Al Hebiah Fifth","Dubai Development Authority (DDA)","0","0","0","672",""
"4382","CETARA","921","ISLAND OASIS PROPERTIES","2026-07-15 00:00:00","2030-01-31 00:00:00","2026-03-11 09:08:52","Normal","311479350","498067920010","ACTIVE","0","2026-02-02 10:23:58","","Project consists of 4 Residential towers of G+3P+16+R floors. it is designed to have concrete structure and block with internal and external finishes.","Al Hebiah Fifth","Dubai Development Authority (DDA)","0","0","0","618",""
"4383","Calla Isle","2263","N Y X REAL ESTATE DEVELOPMENT L.L.C","2026-04-01 00:00:00","2028-03-30 00:00:00","","Normal","59000000","","PENDING","","","","Residential Building (G+2P+8)","Palm Deira","","1","0","0","0",""
"4384","DAMAC ISLANDS - THE TROPICS 2 & 4 & 6","2035","DAMAC ELITE INVESTMENT CO. L.L.C","2026-07-30 00:00:00","2030-12-31 00:00:00","2026-08-25 09:23:25","Normal","532748410","0205892602960","PENDING","0","2026-02-02 12:40:40","","Project consists of 12 Residential Buildings of 2B+G+P+9F+RF located in Al Yalayis 1, Dubai. The units are designed to have a concrete structure and block with internal and external finishes.","Al Yelayiss 1","Dubai Development Authority (DDA)","0","0","0","2130",""
"4385","DAMAC ISLANDS - THE TROPICS 1 & 3 & 5","2035","DAMAC ELITE INVESTMENT CO. L.L.C","2026-07-30 00:00:00","2030-12-31 00:00:00","2026-08-25 09:25:29","Normal","489949770","0205892602958","PENDING","0","2026-02-02 13:06:04","","Project consists of 12 Residential Buildings of 2B+G+P+9F+RF located in Al Yalayis 1, Dubai. The units are designed to have a concrete structure and block with internal and external finishes.","Al Yelayiss 1","Dubai Development Authority (DDA)","0","0","0","1905",""
"4387","MARAVELLE FAMILY COMPLEX","2116","K M Y REAL ESTATE L.L.C","2026-03-01 00:00:00","2029-08-31 00:00:00","","Normal","210000000","","PENDING","0","2026-03-05 23:24:08","","Mixed-Use Project (Residential Apartments + Retail + Hotel) comprising 1 Basement + Ground Floor + 9 Floors","Madinat Al Mataar","","0","0","0","668",""
"4388","Villa del Garda Residences","2150","RIVIERA VISTA REAL ESTATE DEVELOPMENT L.L.C","2026-05-04 00:00:00","2028-03-04 00:00:00","2026-03-18 10:29:33","Normal","52676413","0800014583002","ACTIVE","0","2026-02-18 20:39:00","","Hotel Appartement(G+7+R) with Amenities Swimming pool, Gym@ 1st F & Restaurant @ GF.","Palm Deira","Trakhees","0","0","0","134",""
"4389","Amis & GPD Presents Fleur De Jardin Villas","2443","AMIS GPD DEVELOPER L.L.C","2026-06-26 00:00:00","2028-10-09 00:00:00","2026-02-24 12:49:31","Normal","104762500","200931799","ACTIVE","0","2026-02-09 14:21:48","","PROPOSED 25 RESIDENTIAL VILLAS (B+G+1st+2nd+Roof) + ONE CLUB HOUSE + ONE SPA","Wadi Al Safa 3","","0","0","25","0",""
"4390","AMALI RESIDENCES","2109","AMALI CANAL L.L.C","2026-08-03 00:00:00","2030-12-30 00:00:00","2026-07-08 12:48:36","Normal","544267002","0205943211402","ACTIVE","0","2026-02-05 12:31:49","","Project consists of 1 tower, G+5P+48 Residential floor levels located in Al Wasl, Plot No. 3431268, Dubai, United Arab Emirates. This building is designed to have concrete structure and block with internal and external finishes.","Al Wasl","Dubai Municipality","0","0","0","244",""
"4391","SOL TERRA CASA I","999","S O L PROPERTIES DEVELOPMENT L.L.C","2026-06-15 00:00:00","2028-06-15 00:00:00","2026-04-15 12:23:13","Normal","6692883","0204876035508","ACTIVE","0","2026-02-27 14:41:40","","(G+2F+R) Townhouses - 13 Residential Units","Al Barsha South Fourth","Trakhees","0","0","13","0",""
"4392","Coventry 49","2190","GFS WONDERS DEVELOPERS L.L.C","2026-03-15 00:00:00","2028-05-15 00:00:00","2026-04-13 12:19:01","Normal","21000000","19607923","ACTIVE","0","2026-02-11 10:55:39","","PROPOSED RESIDENTIAL BUILDING (G+4+ROOF) ","Madinat Al Mataar","Dubai South","0","0","0","51",""
"4393","Binghatti Skyflame 1","1051","Binghatti Developers FZE","2026-02-01 00:00:00","2027-12-31 00:00:00","2026-03-26 19:27:26","Normal","465000000","6555887192013","ACTIVE","0","2026-02-11 16:30:25","","G + 5P + 27 RESIDENTIAL FLOORS + MECH. + ROOF","Wadi Al Safa 3","Dubai Development Authority (DDA)","0","0","0","1407",""
"4394","Samana Business Hub","2071","SAMANA PREMIUM REAL ESTATE DEVELOPMENT L.L.C","2026-03-01 00:00:00","2029-09-30 00:00:00","2026-03-23 17:09:01","Normal","194189567","6555949331502","ACTIVE","0","2026-02-11 09:57:31","","3B+5P+G+18F+R
","Jabal Ali Industrial Second","Trakhees","0","0","0","323",""
"4395","Globna by Crystal Bay Azure","2491","CRYSTAL BAY AZURE DEVELOPMENT L.L.C","2026-03-01 00:00:00","2028-02-28 00:00:00","","Normal","20000000","","PENDING","0","2026-03-07 12:55:17","","B+G+R","Madinat Al Mataar","","1","0","0","0",""
"4399","Binghatti Skyflame 2","1051","Binghatti Developers FZE","2026-02-01 00:00:00","2027-12-31 00:00:00","2026-03-24 11:51:01","Normal","267000000","6555887192010","ACTIVE","0","2026-02-11 16:32:36","","G + 5P + 22 RESIDENTIAL FLOORS + MECH. + ROOF","Wadi Al Safa 3","Dubai Development Authority (DDA)","0","0","0","801",""
"4400","Nejm 1","1849","DANF DEVELOPMENTS L.L.C","2026-01-01 00:00:00","2027-06-30 00:00:00","2026-03-05 10:18:47","Normal","20000000","3718506121803","ACTIVE","0","2026-02-14 08:38:39","","Residential Building B + G + 5 Floors and Roof   ","Wadi Al Safa 3","","0","0","0","55",""
"4401","Rabdan Square","2567","RABDAN SQUARE DEVELOPMENTS L.L.C","2026-03-01 00:00:00","2028-03-01 00:00:00","2026-03-26 15:21:43","Normal","35000000","001582241303101","ACTIVE","0","2026-02-16 13:36:33","","B+G+5 Mixed use 30 Residential units + 3 Retail units = 33 Units","Nad Al Shiba First","Dubai Municipality","0","0","0","36",""
"4402","Jadaf Beach Oasis","1002","AZIZI DEVELOPMENTS L.L.C","2026-02-13 00:00:00","2029-02-09 00:00:00","","Normal","261907400","","PENDING","0","2026-02-13 14:16:09","","4B+G+2P+15F+PENTHOUSE+ROOF
RESIDENTIAL BUILDING","Al Jadaf","","0","0","0","1276",""
"4403","Azizi Rose","1002","AZIZI DEVELOPMENTS L.L.C","2026-07-04 00:00:00","2028-07-04 00:00:00","2026-07-23 10:43:46","Normal","67212000","011186052018","ACTIVE","0","2026-02-13 11:53:28",""," 4B+G+3P+8+R  COMMERCIAL / RESIDENTIAL ","Jabal Ali Industrial Second","Trakhees","0","0","0","226",""
"4404","Villea East","2050","PALMRIDGE REAL ESTATE DEVELOPMENT L.L.C","2026-05-13 00:00:00","2028-09-30 00:00:00","","Normal","104600000","","PENDING","0","2026-02-20 11:23:06","","G+1P+8","Al Satwa","","0","0","0","113",""
"4405","Binghatti Square 1","1051","Binghatti Developers FZE","2026-03-01 00:00:00","2027-06-30 00:00:00","","Normal","98000000","","PENDING","0","2026-02-18 13:01:30","","B + G + 7 RESIDENTIAL FLOORS + ROOF","Wadi Al Safa 3","","0","0","0","160",""
"4406","Al Aiham Homes","2404","DAR AL AIHAM PROPERTIES L.L.C","2026-04-01 00:00:00","2028-04-01 00:00:00","","Normal","33000000","","PENDING","0","2026-03-13 07:14:04","","Residential Building G+1P+5","Warsan Fourth","","1","0","0","0",""
"4407","Fay Residence","2466","MB RESIDENCES REAL ESTATE DEVELOPMENT L.L.C","2026-06-30 00:00:00","2028-07-01 00:00:00","","Normal","75000000","","PENDING","","","","Ground + 4 Podium +13 Floor + Roof","Al Jadaf","","1","0","0","0",""
"4408","Binghatti Square 2","1051","Binghatti Developers FZE","2026-03-01 00:00:00","2027-06-30 00:00:00","","Normal","195000000","2003118250","PENDING","0","2026-02-18 13:11:09","","B + G + 7 RESIDENTIAL FLOORS + ROOF","Wadi Al Safa 3","","0","0","0","350",""
"4409","Binghatti Square 3","1051","Binghatti Developers FZE","2026-03-01 00:00:00","2027-06-30 00:00:00","","Normal","318000000","","PENDING","0","2026-02-18 13:13:33","","B + G + 7 RESIDENTIAL FLOORS + ROOF","Wadi Al Safa 3","","0","0","0","517",""
"4410","One Central Dubai","2518","One Central Development FZE","2026-01-01 00:00:00","2031-09-30 00:00:00","","Normal","6476940243","","PENDING","","","","4B+G+4PO+83+R 
4B+G+4PO+68+R 
4B+G+4PO+50+R ","Trade Center Second","","1","0","0","0",""
"4412","SHAPE","2520","REDIX ONE REAL ESTATE L.L.C","2026-04-02 00:00:00","2028-06-30 00:00:00","","Normal","175000000","","PENDING","0","2026-02-23 23:01:16","","Commercial Building 3B+G+6P+16+R","Al Barsha South Fourth","","1","0","0","0",""
"4413","Al Ghaf Janoub","234","JERSEY REAL ESTATE DEVELOPMENT L.L.C","2026-05-15 00:00:00","2028-11-15 00:00:00","2026-07-02 12:14:47","Normal","25000000","0012111718005","ACTIVE","0","2026-02-19 12:42:14","","B+G+4+R","Madinat Al Mataar","Dubai South","0","0","0","73",""
"4415","Golf Fields","1155","EMAAR DUBAI SOUTH DWC LLC","2026-04-05 00:00:00","2030-02-28 00:00:00","2026-03-02 14:42:54","Normal","173504916","001640238025601","ACTIVE","0","2026-08-04 11:45:50","","Residential Development consisting of 1 Building (G+P+11 Floors) with 181 Residential Units
","Madinat Al Mataar","Dubai South","0","0","0","181",""
"4416","Golf Vale","1155","EMAAR DUBAI SOUTH DWC LLC","2026-04-05 00:00:00","2030-03-31 00:00:00","2026-03-02 14:45:56","Normal","223589808","001640238031401","ACTIVE","0","2026-02-18 10:57:03","","Residential Development consisting of 1 Building (G+P+11 Floors) with 262 Residential Units
","Madinat Al Mataar","","0","0","0","262",""
"4417","THE ATELIER ","1939","E L P G REAL ESTATE DEVELOPMENT L.L.C","2026-02-19 00:00:00","2031-12-31 00:00:00","","Normal","612000000","","PENDING","","","","OFFICE TOWER B+GR+M+60","Business Bay","","1","0","0","0",""
"4418","Kaia","2383","DYAR AMWAJ REAL ESTATE DEVELOPMENT L.L.C","2026-06-30 00:00:00","2028-12-31 00:00:00","2026-03-18 12:21:21","Normal","80000000","0023574437003","ACTIVE","0","2026-02-26 10:46:32","","G+2P+8 FLOORS","Palm Deira","Trakhees","0","0","0","128",""
"4420","Enclave Greens by Shriya","2555","SHRIYA PROPERTIES DEVELOPMENT L.L.C S.O.C","2026-05-01 00:00:00","2028-04-30 00:00:00","","Normal","16900000","","PENDING","0","2026-03-23 20:03:22","","B + G + 5 Typical + Roof","Wadi Al Safa 3","","1","0","0","0",""
"4422","Hayat 1 ","1142","DUBAI SOUTH PROPERTIES DWC LLC","2026-06-30 00:00:00","2029-03-30 00:00:00","2026-04-07 13:48:53","Normal","262655402","0205928147613","ACTIVE","0","2026-03-05 10:09:28","","A mixed-use development featuring 122 residential units with 3, 4, and 5-bedroom units.","Madinat Al Mataar","Dubai South","0","0","122","0",""
"4423","Hayat 6","1142","DUBAI SOUTH PROPERTIES DWC LLC","2026-06-30 00:00:00","2029-03-30 00:00:00","2026-04-07 14:40:26","Normal","241078013","0205928147611","ACTIVE","0","2026-03-05 10:15:22","","Mixed-use development comprising 104 residential units offering 4 and 5-bedroom units.","Madinat Al Mataar","Dubai South","0","0","104","0",""
"4424","Hayat 7 ","1142","DUBAI SOUTH PROPERTIES DWC LLC","2026-06-30 00:00:00","2029-03-30 00:00:00","2026-04-08 10:00:49","Normal","174840827","0205928147615","ACTIVE","0","2026-03-05 10:20:42","","Mixed-use development comprising 78 residential units offering 4 and 5-bedroom units.","Madinat Al Mataar","Dubai South","0","0","78","0",""
"4425","ARLINGTON PARK II BY MAJID","1655","MAJID DEVELOPMENTS L.L.C","2026-04-01 00:00:00","2028-04-01 00:00:00","2026-04-07 11:45:31","Normal","36500000","0205856696108","ACTIVE","0","2026-02-25 10:29:50","","G+2B+11+R","Wadi Al Safa 5","Dubai Development Authority (DDA)","0","0","0","129",""
"4426","Palm Central Private Residences - Frond N","104","THE PALM - JEBEL ALI CO. (L.L.C)","2026-08-13 00:00:00","2030-12-13 00:00:00","2026-06-17 14:13:25","Normal","489147352","019000096070","ACTIVE","0","2026-02-24 14:24:13","","Residential Buildings comprising of 222 Residential units (1BHK=90, 2BHK=74, 3BHK=38, 4BHK=12, 4BR TH = 6, 5BR TH = 2)

-	Building A : G+7+R
(102  Residential Units).

-	Building B: B+G+6+R
(66  Residential Units).

-	Building C: B+G+5+R
(54  Residential Units).
","Palm Jabal Ali","Trakhees","0","0","0","222",""
"4427","One Mansory","2111","DIVINE AT 311 DEVELOPERS L.L.C","2026-06-01 00:00:00","2029-06-30 00:00:00","","Normal","185000000","","PENDING","0","2026-02-28 13:06:41","","Proposed (B+G+6)commercial Building ","Al Hebiah First","","1","0","0","0",""
"4430","Greenz By Danube","1009","DANUBE PROPERTIES DEVELOPMENT L.L.C","2026-07-01 00:00:00","2029-12-31 00:00:00","2026-08-17 15:01:40","Normal","1750000000","1010172243","ACTIVE","0","2026-03-26 12:48:14","","Mixed Use Development on Multiple plots (65 Plot As per attached list) at Al Rowaiyah First, Dubai, United Arab Emirates","Al Rowaiyah First","Dubai Development Authority (DDA)","2","0","1456","0",""
"4431","The 55","1149","NATIONAL PROPERTIES OWNED BY NATIONAL BONDS CORPORATION SOLE PROPRIETORSHIP PSC SOLE PROPRIETORSHIP L.L.C","2026-08-15 00:00:00","2028-02-15 00:00:00","","Normal","30000000","","PENDING","","","","Developing Building of G+3P+6+R","Al Barshaa South Third","","1","0","0","0",""
"4434","FALA BY KASCO","1764","KASCO REAL ESTATE DEVELOPMENT L.L.C","2026-07-01 00:00:00","2028-07-31 00:00:00","","Normal","76459705","","PENDING","0","2026-07-28 15:32:23","","3B+G+9 Floor + Roof.","Al Jadaf","","1","0","0","0",""
"4435","1WOOD RESIDENCE 2","1579","OBJECT ONE REAL ESTATE DEVELOPMENT L.L.C","2026-03-15 00:00:00","2027-10-20 00:00:00","2026-06-03 11:14:03","Normal","40550000","29539630","ACTIVE","0","2026-02-27 15:46:22","","UG+G+5P+2(O)+11(R)+R
","Al Barsha South Fourth","Trakhees","0","0","0","209",""
"4436","MONTCLAIR","1162","NSHAMA PROPERTIES OWNED BY NSHMI DEVELOPMENT ONE PERSON COMPANY L.L.C","2026-08-17 00:00:00","2029-05-31 00:00:00","","Normal","226259520","","PENDING","0","2026-03-02 13:29:20","","Residential Building G+P+16+R","Al Yelayiss 2","","1","0","0","0",""
"4438","WESTIN RESIDENCES, DUBAI CREEK GARDENS","2239","G P REAL ESTATE DEVELOPMENT L.L.C","2026-04-26 00:00:00","2029-12-30 00:00:00","","Normal","429079837","","PENDING","0","2026-03-05 13:02:19","","The project is composed of 1B+G+8 floors + roof having a total of 400 residential apartments","Al Jadaf","","1","0","0","0",""
"4439","Longfor International Center","2576","STAR LANG REAL ESTATE DEVELOPMENT L.L.C","2026-05-01 00:00:00","2027-12-30 00:00:00","2026-04-22 11:45:55","Normal","20000000","200951434","ACTIVE","0","2026-03-11 16:41:54","","Proposed (G+2P+6+R) Offices Building","Al Warsan First","Dubai Development Authority (DDA)","0","0","0","72",""
"4440","Celesto Tower 2","1921","TARRAD DEVELOPMENT L.L.C","2026-01-28 00:00:00","2028-06-28 00:00:00","2026-04-20 12:53:19","Normal","30200000","1001226144255005","ACTIVE","0","2026-03-08 18:25:53","","RESIDENTIAL BUILDING (4B +Ground + 13 Floors + Roof)","Wadi Al Safa 5","Dubai Development Authority (DDA)","0","0","0","231",""
"4442","Tresora by Wadan","2166","WADAN REAL ESTATE DEVELOPMENT L.L.C","2026-03-30 00:00:00","2028-03-30 00:00:00","2026-05-13 15:24:45","Normal","25000000","1001226909082009","ACTIVE","0","2026-03-09 11:36:12","","G+3P+17","Al Barsha South Fourth","Trakhees","0","0","0","160",""
"4443","South Lofts 2 by Premier Choice","1397","P C I REAL ESTATE DEVELOPERS L.L.C","2026-06-30 00:00:00","2029-12-31 00:00:00","","Normal","23000000","","PENDING","0","2026-03-10 12:14:14","","G+P+6+R","Saih Shuaib 2","","1","0","0","0",""
"4444","Vivo Residences South By Main Realty","1836","MAIN REALTY REAL ESTATE L.L.C","2026-04-06 00:00:00","2029-03-31 00:00:00","","Normal","45000000","","PENDING","","","","Residential Building (G+1P+6+R)","Saih Shuaib 2","","1","0","0","0",""
"4445","Bild Alve","2573","I G P REAL ESTATE DEVELOPMENT L.L.C","2026-04-15 00:00:00","2028-12-30 00:00:00","","Normal","185000000","","PENDING","0","2026-03-11 13:02:28","","2 B+Ground Floor+9TYP+Roof","Al Safouh First","","1","0","0","0",""
"4447","Nanma Lotus","2658","NANMA PROPERTIES L.L.C","2026-04-22 00:00:00","2028-02-15 00:00:00","2026-05-12 13:45:52","Normal","28000000","0205900221004","ACTIVE","0","2026-04-01 12:45:35","","B+G+6+R Residential Building ","Madinat Al Mataar","Dubai South","0","0","0","79",""
"4448","Valia","1224","DUBAI CREEK HARBOUR L.L.C","2026-06-06 00:00:00","2030-08-31 00:00:00","2026-03-26 09:52:43","Normal","642659099","9009223994391001","ACTIVE","0","2026-08-04 11:35:59","","Proposed Multi-storey Residential Development
(2B+G+2P+53 Floor+ Roof)
Having 491 residential units
","Al Khairan First","Dubai Development Authority (DDA)","0","0","0","492",""
"4450","Faro The Heights","1211","EMAAR DEVELOPMENT P.J.S.C.","2026-08-16 00:00:00","2030-06-30 00:00:00","2026-04-06 15:58:54","Normal","505934260","10653441830013","ACTIVE","0","2026-03-25 11:37:23","","Residential development consisting of 291 units (G+1)
","Al Yelayiss 5","Dubai Municipality","0","0","291","0",""
"4453","Soma Residences","2419","ORIGAMI DEVELOPMENT L.L.C","2026-08-01 00:00:00","2028-09-01 00:00:00","2026-06-22 11:31:28","Normal","45000000","0000059050000023","ACTIVE","0","2026-07-15 15:05:36","","B+G+P+6F+R","Palm Deira","Trakhees","0","0","0","44",""
"4454","Havencia","2590","ALA REAL ESTATE DEVELOPMENTS L.L.C","2026-03-01 00:00:00","2028-03-31 00:00:00","2026-06-30 14:26:59","Normal","60000000","0205954077205","ACTIVE","0","2026-04-02 11:03:40","","B+G+3P+13+R","Wadi Al Safa 5","Dubai Development Authority (DDA)","0","0","0","286",""
"4455","Sera Gardens by Vision","1806","CLEAR VISION REAL ESTATE DEVELOPMENT L.L.C","2026-08-01 00:00:00","2028-04-01 00:00:00","2026-05-08 17:34:17","Normal","60000000","012713350867","ACTIVE","0","2026-04-03 14:56:27","","G+P+8+R","Me'Aisem First","Dubai Development Authority (DDA)","0","0","0","246",""
"4456","LUNAYA","2422","LUNAYA ZAYA REAL ESTATE DEVELOPMENT L.L.C S.O.C","2026-04-01 00:00:00","2029-03-31 00:00:00","2026-04-20 12:13:14","Normal","544207020","1010183653","ACTIVE","1.31","2026-06-24 08:22:44","","Construction of 103 G+2 Townhouse Villas, 341 G+2+R Townhouse Villas, 80 G+2 semi attached Villas and 40 G+2 Independent Villas","Saih Shuaib 1","Dubai Development Authority (DDA)","0","0","564","0",""
"4458","Vista Hub by DSI Prestige One ","2429","DRAKE AND SCULL REAL ESTATE DEVELOPMENT L.L.C","2026-05-01 00:00:00","2028-05-01 00:00:00","","Normal","54998387","","PENDING","0","2026-04-09 15:45:30","","G+3P+9F","Wadi Al Safa 3","","0","0","0","58",""
"4459","Elanora by zoya","1816","ZOYA ONE REAL ESTATE DEVELOPMENTS L.L.C","2026-06-30 00:00:00","2028-03-31 00:00:00","2026-05-21 10:31:43","Normal","10800000","0205927342806","ACTIVE","0","2026-04-13 18:07:59","","G+1P+6+R ","Saih Shuaib 2","Dubai Development Authority (DDA)","0","0","0","117",""
"4460","Enchante By GRID","2634","GRID VIV REAL ESTATE DEVELOPMENT L.L.C","2026-05-25 00:00:00","2028-12-15 00:00:00","2026-05-01 11:26:23","Normal","94718352","0012529509002","ACTIVE","0","2026-04-15 16:15:03","","1B+G+2P+6F+R","Al Barshaa South Third","Dubai Development Authority (DDA)","0","0","0","286",""
"4462","Greenfield 2 by Samana Developers","2072","SAMANA PLATINUM REAL ESTATE DEVELOPMENT L.L.C","2026-05-01 00:00:00","2029-08-31 00:00:00","2026-07-17 10:45:33","Normal","147796800","011195838017","ACTIVE","0","2026-05-14 13:58:10","","2B+G+4P+14F+R
","Warsan Fourth","","0","0","0","307",""
"4464","AD Residences","2577","FOUR SEASONS REAL ESTATE DEVELOPMENT L.L.C","2026-04-17 00:00:00","2028-04-17 00:00:00","","Normal","64000000","0205961604403","PENDING","6.38","2026-06-03 12:35:59","","Residential Building Ground Floor + Podium floor + 8 Typical Floor + GYM Roof Floor. 
","Al Satwa","","0","0","0","140",""
"4465","Coventry Centro","2053","G F S REAL ESTATE L.L.C","2026-07-01 00:00:00","2028-07-01 00:00:00","2026-08-11 09:37:06","Normal","70000000","6555969208207","ACTIVE","0","2026-06-19 19:02:24","","2B+G+9+R","Saih Shuaib 2","Dubai Development Authority (DDA)","0","0","0","264",""
"4466","Coventry Cove","2053","G F S REAL ESTATE L.L.C","2026-07-01 00:00:00","2029-07-01 00:00:00","2026-07-27 18:38:43","Normal","50000000","6555969208205","ACTIVE","0","2026-05-15 16:09:50","","B+G+6+ROOF","Saih Shuaib 2","Dubai Development Authority (DDA)","0","0","0","255",""
"4467","DISTRICT 53","2100","MODON COMPANY FOR REAL ESTATE DEVELOPMENT L.L.C","2026-01-01 00:00:00","2028-06-30 00:00:00","","Normal","20000000","","PENDING","","","","G + 4 RESIDENTIAL BUILDING","Madinat Al Mataar","","1","0","0","0",""
"4468","DAMAC HILLS - LILAC","954","DAMAC CRESCENT PROPERTIES","2026-07-31 00:00:00","2030-01-31 00:00:00","2026-06-08 12:05:04","Normal","72136920","465511920044","ACTIVE","0","2026-04-22 12:23:39","","Project consists of Residential Building of G+2P+9F+R located in Al Hebiah Third - DAMAC Hills - Dubai. The units are designed to have a concrete structure and block with internal and external finishes.","Al Hebiah Third","Dubai Development Authority (DDA)","0","0","0","288",""
"4471","Tilal Binghatti","1051","Binghatti Developers FZE","2026-07-01 00:00:00","2029-12-31 00:00:00","","Normal","2130254657","","PENDING","","","","G+2","Al Rowaiyah First","","1","0","0","0",""
"4472","Samana South Haven","2071","SAMANA PREMIUM REAL ESTATE DEVELOPMENT L.L.C","2026-06-01 00:00:00","2028-12-31 00:00:00","2026-07-21 09:46:23","Normal","58348896","011196247014","ACTIVE","0","2026-05-02 12:56:02","","G+6F+R","Saih Shuaib 2","","0","0","0","200",""
"4474","Verdana 9","1936","REPORTAGE PLUS A REAL ESTATE DEVELOPMENT L.L.C","2026-03-31 00:00:00","2029-03-31 00:00:00","2026-06-18 09:12:09","Normal","100518629","1010204632","ACTIVE","0","2026-05-04 12:00:14","","12 Blocks /204 Units + G+1 & G+2 & G+3 Villas, Gym & Swimming Pool and Services","Dubai Investment Park First","Dubai Municipality","0","0","204","0",""
"4475","Verdana Residence 9","1936","REPORTAGE PLUS A REAL ESTATE DEVELOPMENT L.L.C","2026-03-31 00:00:00","2029-03-31 00:00:00","2026-06-22 16:08:28","Normal","87901083","1010204665","ACTIVE","0","2026-05-04 12:20:12","","B+G+2P+15+ ROOF RESIDENTIAL BLDG  / 255 UNITS Gym and Swimming Pool","Dubai Investment Park First","Dubai Municipality","0","0","0","256",""
"4478","Best City View Tower","1793","BEST CITY REAL ESTATE DEVELOPMENT L.L.C","2026-05-15 00:00:00","2030-05-30 00:00:00","","Normal","175000000","","PENDING","2.52","2026-08-01 13:25:24","","2B+G+4P+28+Mech, Floor Residential and Retail Building","Al Barsha South Fifth","","1","0","0","0",""
"4481","VERDE LEVEL 1","1894","OBJ1 REAL ESTATE DEVELOPMENT L.L.C","2026-08-20 00:00:00","2029-01-19 00:00:00","","Normal","67300000","","PENDING","0","2026-05-06 17:26:26","","2B+G+4P+2 Offices+17 Residential Floor + R","Wadi Al Safa 5","","1","0","0","0",""
"4482","Binghatti Wraith","1051","Binghatti Developers FZE","2026-07-01 00:00:00","2027-12-30 00:00:00","2026-07-23 14:29:54","Normal","308000000","9134025839073","ACTIVE","0","2026-05-18 16:23:32","","G + 4P + 14 RESIDENTIAL FLOORS + ROOF","Al Jadaf","Dubai Development Authority (DDA)","0","0","0","881",""
"4483","Binghatti Starfall","1051","Binghatti Developers FZE","2026-07-01 00:00:00","2027-10-30 00:00:00","2026-07-23 15:33:26","Normal","196000000","9134025839071","ACTIVE","0","2026-05-18 16:27:36","","G + 4P + 14 RESIDENTIAL FLOORS + ROOF","Al Jadaf","Dubai Development Authority (DDA)","0","0","0","543",""
"4484","ELYRA RESIDENCES BY ENAAM","2132","ENAAM PROPERTIES DEVELOPMENT L.L.C","2026-05-01 00:00:00","2028-09-30 00:00:00","","Normal","50000000","","PENDING","0","2026-05-12 16:13:49","","B+G+8+ROOF","Nadd Hessa","","1","0","0","0",""
"4486","Sky Level 1","1579","OBJECT ONE REAL ESTATE DEVELOPMENT L.L.C","2026-08-10 00:00:00","2029-02-28 00:00:00","2026-08-04 15:24:22","Normal","72860000","29577390","ACTIVE","0","2026-05-12 17:47:37","","2B+G+5P+3 Offices+35 Residential Floor + MF + R","Al Barsha South Fourth","Trakhees","0","0","0","440",""
"4487","Celesto Tower 3","1921","TARRAD DEVELOPMENT L.L.C","2026-03-28 00:00:00","2028-09-28 00:00:00","2026-07-15 10:51:25","Normal","28200000","3001749995000","ACTIVE","0","2026-05-12 21:13:37",""," Residential Building
(4 Basement +G+11 Floor+ Roof)","Wadi Al Safa 5","","0","0","0","216",""
"4489","Bureau Lamar","1371","LAMAR DEVELOPMENT L.L.C","2026-05-01 00:00:00","2030-04-30 00:00:00","2026-08-14 09:57:09","Normal","1200000000","3001749936000","ACTIVE","0","2026-06-01 11:41:41","","Project Description:

The mixed-used project is located in Business Bay, along the canal, and comprises offices, retail and F&B spaces, and a wellness area.

The project introduces a Basement 5 comprising lift pits and MEP rooms, 4 combined basements (Basement 4 to Basement 1), 1 combined mezzanine at Basement 1, one combined ground floor and podium level, and 7 buildings (towers):

Building 1 (Tower A): B5 to B1+G+14+R
Building 2 (Tower B): B5 to B1+G+20+R
Building 3 (Tower C): B4 to B1+G+M+15+R
Building 4 (Tower D): B5 to B1+G+17+R
Building 5 (Tower E): B4 to B1+G+M+17+R
Building 6 (Tower F): B4 to B1+G+14+R
Building 7 (Tower G): B4 to B1+G+5+R 
Number of Units: 89 Units","Business Bay","Dubai Development Authority (DDA)","0","0","0","99",""
"4491","Lawncrest By Zimaya","1718","ZIMAYA PROPERTIES L.L.C","2026-06-15 00:00:00","2029-06-14 00:00:00","","Normal","72000000","","PENDING","0","2026-06-03 08:28:04","","G+2P+8+R","Me'Aisem First","","1","0","0","0",""
"4492","AL EZZ TOWER BY ABU ALNAGA","2021","ABUALNAGA DEVELOPMENT L.L.C","2026-07-01 00:00:00","2029-12-30 00:00:00","","Normal","260883711","","PENDING","","","","Residential Building (B+G+16+R) With Retails @ Ground Floor","Me'Aisem First","","0","0","0","202",""
"4493","ABU ALNAGA TOWER","2021","ABUALNAGA DEVELOPMENT L.L.C","2026-06-01 00:00:00","2028-12-30 00:00:00","","Normal","200000000","","PENDING","","","","COMMERCIAL TOWER B+G+14+R WITH RETAIL ON GROUND FLOOR","Al Jadaf","","1","0","0","0",""
"4494","VALERIA BY ABU ALNAGA","2021","ABUALNAGA DEVELOPMENT L.L.C","2026-06-01 00:00:00","2029-12-30 00:00:00","","Normal","200000000","","PENDING","","","","Residential Building (G+4P+14+R) With Retail on Ground floor
","Al Jadaf","","1","0","0","0",""
"4495","SELA","1710","AMWAJ ALKHALEEJ REAL ESTATE DEVELOPMENT L.L.C","2026-06-30 00:00:00","2028-12-31 00:00:00","","Normal","60000000","","PENDING","","","","G+5+ROOF","Nad Al Shiba First","","0","0","0","104",""
"4497","S'VN RESIDENCES","1283","METRICAL REAL ESTATE DEVELOPMENT L.L.C","2026-07-01 00:00:00","2028-12-31 00:00:00","2026-06-30 12:31:17","Normal","88000000","11929596920010","ACTIVE","0","2026-06-16 14:37:39","","Residential (G+5P+19Floors)","Al Barsha South Fourth","Trakhees","0","0","0","201",""
"4499","EVERLY PLACE","2732","EPD BK DEVELOPERS L.L.C","2026-06-08 00:00:00","2029-06-30 00:00:00","","Normal","198000000","","PENDING","0","2026-07-03 14:03:17","","G+2P+10+R","Ras Al Khor Industrial First","","0","0","0","214",""
"4502","Cresswell Views II","2013","ADEV PROPERTIES (Br of ARADY PROPERTIES - PSC )(Dubai Branch
)","2026-06-08 00:00:00","2027-10-07 00:00:00","","Normal","37553230","","PENDING","0","2026-06-10 17:39:39","","G+6","Madinat Al Mataar","","1","0","0","0",""
"4503","113 RESIDENCES","1178","IMAN DEVELOPERS L.L.C","2026-08-25 00:00:00","2029-02-28 00:00:00","2026-07-20 10:50:37","Normal","91000000","019500000947","ACTIVE","0","2026-06-11 12:20:17","","B + G + 9F + R","Al Safouh First","Dubai Development Authority (DDA)","0","0","0","113",""
"4505","Portside by Samana Developers","2070","SAMANA ISLANDS REAL ESTATE DEVELOPMENT L.L.C","2026-08-01 00:00:00","2029-06-30 00:00:00","2026-08-06 09:59:31","Normal","58364526","14582202830001","ACTIVE","0","2026-07-06 11:07:59","","G+3P+8+R
","Jabal Ali Industrial Second","","0","0","0","132",""
"4506","Portside 2 by Samana Developers","2072","SAMANA PLATINUM REAL ESTATE DEVELOPMENT L.L.C","2026-08-01 00:00:00","2029-12-31 00:00:00","","Normal","106111608","","PENDING","0","2026-07-06 10:01:55","","B+G+3P+20+R
","Jabal Ali Industrial Second","","1","0","0","0",""
"4507","Samana Downtown One","2072","SAMANA PLATINUM REAL ESTATE DEVELOPMENT L.L.C","2026-08-01 00:00:00","2029-12-31 00:00:00","","Normal","96508902","","PENDING","0","2026-07-13 17:13:39","","B+G+3P+20+R
","Jabal Ali Industrial Second","","0","0","0","257",""
"4508","Divine Haven","1520","TAKMEEL REAL ESTATE DEVELOPMENT L.L.C","2026-07-01 00:00:00","2029-01-01 00:00:00","","Normal","30000000","","PENDING","","","","G + 04 Residential Building","Madinat Al Mataar","","1","0","0","0",""
"4510","24HC","2725","O&F DHCC REAL ESTATE DEVELOPMENT L.L.C","2026-03-30 00:00:00","2027-03-30 00:00:00","2026-08-25 15:54:07","Normal","15000000","3001750226000","PENDING","80","2026-07-27 11:55:08","","Office building comprising of 44 units and 5 retail unit.","Um Hurair Second","","0","0","0","99",""
"4511","The Lyceum","2648","ZLON DEVELOPMENTS L.L.C","2026-04-01 00:00:00","2028-10-01 00:00:00","","Normal","102371436","","PENDING","0","2026-07-01 16:10:39","","G+4P+17+R","Al Barsha South Fifth","","1","0","0","0",""
"4516","Rabdan Avenue","2735","RABDAN AVENUE DEVELOPMENT L.L.C","2026-07-01 00:00:00","2029-03-01 00:00:00","","Normal","85000000","","PENDING","0","2026-06-18 23:19:29","","B+G+7+R Mixed Use Building","Nad Al Shiba First","","0","0","0","148",""
"4518","Samana South Haven 2","2072","SAMANA PLATINUM REAL ESTATE DEVELOPMENT L.L.C","2026-08-01 00:00:00","2029-03-31 00:00:00","","Normal","41536206","","PENDING","0","2026-07-06 10:06:25","","G + 6 + R","Saih Shuaib 2","","1","0","0","0",""
"4519","WESTON ","2166","WADAN REAL ESTATE DEVELOPMENT L.L.C","2026-08-15 00:00:00","2028-12-31 00:00:00","2026-08-10 00:00:00","Normal","25000000","1001226909082012","ACTIVE","0","2026-06-23 11:54:31","","3B+G+17FLOOR+ROOF","Wadi Al Safa 5","Dubai Development Authority (DDA)","0","0","0","373",""
"4536","Breva","1269","A Y S PROPERTY DEVELOPMENT","2026-06-01 00:00:00","2028-12-31 00:00:00","","Normal","37900000","","PENDING","0.04","2026-07-13 12:25:32","","U.G.W. TANK+G+2P+7+R Residential Building","Palm Deira","","1","0","0","0",""
"4541","LENJAWI DIAMOND","2748","LANJAWI Real Estate Development   EST.","2026-07-20 00:00:00","2029-07-20 00:00:00","","Normal","22000000","","PENDING","","","","Residential Building (B+G+S+Roof) with Swimming pool @ Roof","Warsan Fourth","","1","0","0","0",""
"4544","Vision Iconic","1051","Binghatti Developers FZE","2026-08-01 00:00:00","2028-12-15 00:00:00","2026-08-12 12:37:39","Normal","1200000000","019500000976","ACTIVE","0","2026-07-24 09:54:52","","G+Mezz.+5P+67Res.+4Mech.+Roof","Nad Al Shiba First","Dubai Municipality","0","0","0","1453",""
"4545","MANARINA","1675","ZENITH VENTURES REAL ESTATE DEVELOPMENT L.L.C","2026-08-01 00:00:00","2029-07-29 00:00:00","","Normal","36517752","","PENDING","0","2026-07-25 12:25:26","","Proposed (B+G+6) Residential Building","Madinat Al Mataar","","1","0","0","0",""
